cityname,i_o_length,prediction_horizon,grid_size,thresh,config_cx_sample_whole_data,CSR_MP_no_thresh_mean,CSR_MP_no_thresh_median,CSR_MP_count_y_exceeding_r_x,CSR_MP_sum_y_exceeding_r_x_max,CSR_MP_sum_y_exceeding_r_x_mean,CSR_MP_sum_exp_y_exceeding_r_x_mean,CSR_MP_no_thresh_frac_mean_2,CSR_MP_no_thresh_frac_mean_2_exp,CSR_MP_no_thresh_frac_sum,CSR_PM_no_thresh_mean,CSR_PM_no_thresh_median,CSR_PM_count_y_exceeding_r_x,CSR_PM_sum_y_exceeding_r_x_max,CSR_PM_sum_y_exceeding_r_x_mean,CSR_PM_sum_exp_y_exceeding_r_x_mean,CSR_PM_no_thresh_frac_mean_2,CSR_PM_no_thresh_frac_mean_2_exp,CSR_PM_no_thresh_frac_sum,CSR_NM_no_thresh_mean,CSR_NM_no_thresh_median,CSR_NM_count_y_exceeding_r_x,CSR_NM_sum_y_exceeding_r_x_max,CSR_NM_sum_y_exceeding_r_x_mean,CSR_NM_sum_exp_y_exceeding_r_x_mean,CSR_NM_no_thresh_frac_mean_2,CSR_NM_no_thresh_frac_mean_2_exp,CSR_NM_no_thresh_frac_sum,CSR_GB_no_thresh_mean,CSR_GB_no_thresh_median,CSR_GB_count_y_exceeding_r_x,CSR_GB_sum_y_exceeding_r_x_max,CSR_GB_sum_y_exceeding_r_x_mean,CSR_GB_sum_exp_y_exceeding_r_x_mean,CSR_GB_no_thresh_frac_mean_2,CSR_GB_no_thresh_frac_mean_2_exp,CSR_GB_no_thresh_frac_sum,CSR_GB_red_by_grey_sum,CSR_NM_red_by_grey_sum,CSR_PM_red_by_grey_sum,CSR_MP_red_by_grey_sum
madrid,4,1,25,100,500,NULL,NULL,NULL,NULL,NULL,NULL,NULL,NULL,NULL,1029.9425459940444,1013.7278225806451,5.168,4566623.546296297,1331.3743669402058,0.002607180689277395,1.3753375042534128,0.37267380717901244,1.2021016993057445,NULL,NULL,NULL,NULL,NULL,NULL,NULL,NULL,NULL,NULL,NULL,NULL,NULL,NULL,NULL,NULL,NULL,NULL,NULL,NULL,130.5171962571606,NULL
melbourne,4,1,25,100,500,NULL,NULL,NULL,NULL,NULL,NULL,NULL,NULL,NULL,258.50475795105245,263.256028022157,4.94,1118030.75,350.64638995654286,0.005594372335070637,1.1967732508139033,0.3603249375409932,1.1042596788597747,NULL,NULL,NULL,NULL,NULL,NULL,NULL,NULL,NULL,NULL,NULL,NULL,NULL,NULL,NULL,NULL,NULL,NULL,NULL,NULL,92.96986644203268,NULL
london,4,1,25,100,500,NULL,NULL,NULL,NULL,NULL,NULL,NULL,NULL,NULL,835.8903688620933,861.9435483870968,5.632,3574932.0,1017.8803716206795,0.0033712965445787495,1.17763995490757,0.36353916198293057,1.0835891705028513,NULL,NULL,NULL,NULL,NULL,NULL,NULL,NULL,NULL,NULL,NULL,NULL,NULL,NULL,NULL,NULL,NULL,NULL,NULL,NULL,89.64837252854996,NULL
madrid,4,1,35,100,500,NULL,NULL,NULL,NULL,NULL,NULL,NULL,NULL,NULL,1648.2413211152893,1576.1754032258063,3.968,6093630.12962963,2123.1936022613963,0.001515353798917908,1.5041398471359944,0.36996077573947905,1.1224649026755071,NULL,NULL,NULL,NULL,NULL,NULL,NULL,NULL,NULL,NULL,NULL,NULL,NULL,NULL,NULL,NULL,NULL,NULL,NULL,NULL,71.9879554523144,NULL
melbourne,4,1,35,100,500,NULL,NULL,NULL,NULL,NULL,NULL,NULL,NULL,NULL,449.80296000708944,449.74977598566306,4.946,2017408.5925925924,619.9406642304655,0.004285552690255762,1.1594276192942898,0.3604786074384663,1.0893234154456803,NULL,NULL,NULL,NULL,NULL,NULL,NULL,NULL,NULL,NULL,NULL,NULL,NULL,NULL,NULL,NULL,NULL,NULL,NULL,NULL,91.16084789669853,NULL
london,4,1,35,100,500,NULL,NULL,NULL,NULL,NULL,NULL,NULL,NULL,NULL,872.7523215605665,896.9228643966546,4.642,2810726.0,1067.599851237429,0.0030199187653696924,1.1136668974936916,0.36468282756545717,1.0386732245677726,NULL,NULL,NULL,NULL,NULL,NULL,NULL,NULL,NULL,NULL,NULL,NULL,NULL,NULL,NULL,NULL,NULL,NULL,NULL,NULL,62.52187598645835,NULL
madrid,4,1,45,100,500,NULL,NULL,NULL,NULL,NULL,NULL,NULL,NULL,NULL,2213.478010218052,1808.4032258064517,5.258,10224998.972222222,3150.2694498329447,0.0016539347878873716,1.2907854390225104,0.3654829580317136,1.1276561892805426,NULL,NULL,NULL,NULL,NULL,NULL,NULL,NULL,NULL,NULL,NULL,NULL,NULL,NULL,NULL,NULL,NULL,NULL,NULL,NULL,95.14748395921289,NULL
melbourne,4,1,45,100,500,NULL,NULL,NULL,NULL,NULL,NULL,NULL,NULL,NULL,562.0218917797089,538.0564516129032,4.976,2396077.75,769.4148129892027,0.0024962243265092736,1.1238561884471991,0.36272427242705974,1.0633387634886202,NULL,NULL,NULL,NULL,NULL,NULL,NULL,NULL,NULL,NULL,NULL,NULL,NULL,NULL,NULL,NULL,NULL,NULL,NULL,NULL,85.08200644731458,NULL
london,4,1,45,100,500,NULL,NULL,NULL,NULL,NULL,NULL,NULL,NULL,NULL,1014.4873723787092,996.5806451612904,5.094,4016110.0,1197.888013012187,0.0033037086247866957,1.0634941783913754,0.36749674979158836,1.0210219733631183,NULL,NULL,NULL,NULL,NULL,NULL,NULL,NULL,NULL,NULL,NULL,NULL,NULL,NULL,NULL,NULL,NULL,NULL,NULL,NULL,66.08643884510445,NULL
madrid,4,1,55,100,500,NULL,NULL,NULL,NULL,NULL,NULL,NULL,NULL,NULL,3118.852391028584,2712.5564516129034,5.36,15469937.75,4752.970437102508,0.0007148078982687627,1.3386049201718102,0.3684129950100489,1.146780310650956,NULL,NULL,NULL,NULL,NULL,NULL,NULL,NULL,NULL,NULL,NULL,NULL,NULL,NULL,NULL,NULL,NULL,NULL,NULL,NULL,116.54524973216834,NULL
melbourne,4,1,55,100,500,NULL,NULL,NULL,NULL,NULL,NULL,NULL,NULL,NULL,661.847729622466,661.8004032258065,4.856,2561727.75,858.9954880772993,0.0031182259232980488,1.096767432317748,0.3642736180366763,1.043968851001748,NULL,NULL,NULL,NULL,NULL,NULL,NULL,NULL,NULL,NULL,NULL,NULL,NULL,NULL,NULL,NULL,NULL,NULL,NULL,NULL,70.95564526825677,NULL
london,4,1,55,100,500,NULL,NULL,NULL,NULL,NULL,NULL,NULL,NULL,NULL,1110.1971577983509,1064.6854838709678,4.988,4060115.0,1342.0155476757498,0.003921873189781322,1.0678831164991975,0.3678015873768088,1.0234406892788173,NULL,NULL,NULL,NULL,NULL,NULL,NULL,NULL,NULL,NULL,NULL,NULL,NULL,NULL,NULL,NULL,NULL,NULL,NULL,NULL,62.246663390243015,NULL
madrid,4,1,65,100,500,NULL,NULL,NULL,NULL,NULL,NULL,NULL,NULL,NULL,5104.389135262145,2646.514112903226,4.824,25757685.675925925,8640.734894337535,0.0005034301496165972,1.2569994113631453,0.3683076631752425,1.0903317092116558,NULL,NULL,NULL,NULL,NULL,NULL,NULL,NULL,NULL,NULL,NULL,NULL,NULL,NULL,NULL,NULL,NULL,NULL,NULL,NULL,88.62462846727246,NULL
melbourne,4,1,65,100,500,NULL,NULL,NULL,NULL,NULL,NULL,NULL,NULL,NULL,714.127880175814,690.1854838709678,4.732,2753907.0555555555,933.3713100159117,0.002850647915613188,1.0998563211798071,0.36683916801412175,1.0414816791348767,NULL,NULL,NULL,NULL,NULL,NULL,NULL,NULL,NULL,NULL,NULL,NULL,NULL,NULL,NULL,NULL,NULL,NULL,NULL,NULL,72.25112231476903,NULL
london,4,1,65,100,500,NULL,NULL,NULL,NULL,NULL,NULL,NULL,NULL,NULL,1271.9551266604606,1195.1220766129031,3.852,3845007.25,1590.627513169522,0.002875650094833304,1.0445852989024274,0.3730254324377961,1.0011711758336417,NULL,NULL,NULL,NULL,NULL,NULL,NULL,NULL,NULL,NULL,NULL,NULL,NULL,NULL,NULL,NULL,NULL,NULL,NULL,NULL,51.31073328372051,NULL
madrid,4,1,75,100,500,NULL,NULL,NULL,NULL,NULL,NULL,NULL,NULL,NULL,5597.098494947072,3160.633064516129,4.154,30896123.25,9416.13210406653,0.00039423283232969974,1.3303933529721392,0.37095078065996895,1.1198772917835627,NULL,NULL,NULL,NULL,NULL,NULL,NULL,NULL,NULL,NULL,NULL,NULL,NULL,NULL,NULL,NULL,NULL,NULL,NULL,NULL,102.2897062939511,NULL
melbourne,4,1,75,100,500,NULL,NULL,NULL,NULL,NULL,NULL,NULL,NULL,NULL,778.1005925465025,751.1854838709678,4.732,2677857.9629629627,947.5088988021743,0.003510617958711551,1.050576808540288,0.36755918336697835,1.0134113875311173,NULL,NULL,NULL,NULL,NULL,NULL,NULL,NULL,NULL,NULL,NULL,NULL,NULL,NULL,NULL,NULL,NULL,NULL,NULL,NULL,60.3285685210957,NULL
london,4,1,75,100,500,NULL,NULL,NULL,NULL,NULL,NULL,NULL,NULL,NULL,1251.5639438052776,1178.0645161290322,4.712,4888757.25,1510.9871708656449,0.0020890785301150975,1.0733884567213463,0.36643917043916585,1.0285559932874566,NULL,NULL,NULL,NULL,NULL,NULL,NULL,NULL,NULL,NULL,NULL,NULL,NULL,NULL,NULL,NULL,NULL,NULL,NULL,NULL,61.802464223237855,NULL
madrid,4,1,85,100,500,NULL,NULL,NULL,NULL,NULL,NULL,NULL,NULL,NULL,6532.476538772252,3658.202162756598,4.446,41728051.324074075,11025.810561782617,0.0004033970765440158,1.364599698071938,0.3678950094789456,1.1159784578841858,NULL,NULL,NULL,NULL,NULL,NULL,NULL,NULL,NULL,NULL,NULL,NULL,NULL,NULL,NULL,NULL,NULL,NULL,NULL,NULL,93.3637505041097,NULL
melbourne,4,1,85,100,500,NULL,NULL,NULL,NULL,NULL,NULL,NULL,NULL,NULL,855.0704829448384,826.0241935483871,4.666,2907767.333333333,1033.7750644757464,0.005558140255822769,1.0284661731665234,0.3706347785356474,1.003620028784531,NULL,NULL,NULL,NULL,NULL,NULL,NULL,NULL,NULL,NULL,NULL,NULL,NULL,NULL,NULL,NULL,NULL,NULL,NULL,NULL,57.57821885248089,NULL
london,4,1,85,100,500,NULL,NULL,NULL,NULL,NULL,NULL,NULL,NULL,NULL,1386.5396927635359,1260.3709677419356,4.034,4383601.0,1701.5301115511,0.002021598068945861,1.0556406489812116,0.3707984445841066,1.012838620069309,NULL,NULL,NULL,NULL,NULL,NULL,NULL,NULL,NULL,NULL,NULL,NULL,NULL,NULL,NULL,NULL,NULL,NULL,NULL,NULL,52.07016529934707,NULL
madrid,4,1,95,100,500,NULL,NULL,NULL,NULL,NULL,NULL,NULL,NULL,NULL,8757.632420463196,5410.814516129032,4.422,51347310.0,18048.840033662087,0.0005119897070683553,1.670036254863901,0.38775454619054806,1.207515185223052,NULL,NULL,NULL,NULL,NULL,NULL,NULL,NULL,NULL,NULL,NULL,NULL,NULL,NULL,NULL,NULL,NULL,NULL,NULL,NULL,149.74651943706914,NULL
melbourne,4,1,95,100,500,NULL,NULL,NULL,NULL,NULL,NULL,NULL,NULL,NULL,857.4511599504673,811.9758064516129,4.728,3059087.0,1035.5508504036375,0.0034134633655151497,1.0579099338012985,0.36423896832093045,1.0234101519321888,NULL,NULL,NULL,NULL,NULL,NULL,NULL,NULL,NULL,NULL,NULL,NULL,NULL,NULL,NULL,NULL,NULL,NULL,NULL,NULL,61.655425059129016,NULL
london,4,1,95,100,500,NULL,NULL,NULL,NULL,NULL,NULL,NULL,NULL,NULL,1321.2822943067354,1234.975806451613,4.486,4718664.5,1577.6255741867749,0.0024670330280690002,1.0659494307511774,0.36612563029565737,1.0191209162912562,NULL,NULL,NULL,NULL,NULL,NULL,NULL,NULL,NULL,NULL,NULL,NULL,NULL,NULL,NULL,NULL,NULL,NULL,NULL,NULL,57.255720145544686,NULL
madrid,4,1,105,100,500,NULL,NULL,NULL,NULL,NULL,NULL,NULL,NULL,NULL,9204.75370985024,4638.054435483871,3.56,51448191.5925926,18985.81383921027,0.0004745617456072467,1.7936283354633997,0.3850963602325812,1.2720235548253407,NULL,NULL,NULL,NULL,NULL,NULL,NULL,NULL,NULL,NULL,NULL,NULL,NULL,NULL,NULL,NULL,NULL,NULL,NULL,NULL,157.68698593869806,NULL
melbourne,4,1,105,100,500,NULL,NULL,NULL,NULL,NULL,NULL,NULL,NULL,NULL,890.4414817361485,840.7559737156512,5.092,3300877.0,1068.3187197565007,0.005130766480472195,1.0385301600996846,0.36650479639837225,1.0128866756375532,NULL,NULL,NULL,NULL,NULL,NULL,NULL,NULL,NULL,NULL,NULL,NULL,NULL,NULL,NULL,NULL,NULL,NULL,NULL,NULL,62.67904386119863,NULL
london,4,1,105,100,500,NULL,NULL,NULL,NULL,NULL,NULL,NULL,NULL,NULL,1392.7994875638267,1324.171370967742,4.284,4553724.5,1700.1813266510949,0.0026496984788110713,1.0384930957483607,0.37285604812224576,1.0031992671362189,NULL,NULL,NULL,NULL,NULL,NULL,NULL,NULL,NULL,NULL,NULL,NULL,NULL,NULL,NULL,NULL,NULL,NULL,NULL,NULL,55.47695836384666,NULL
madrid,1,1,55,100,500,NULL,NULL,NULL,NULL,NULL,NULL,NULL,NULL,NULL,2020.1951693811798,1770.7237903225805,1.93,4484847.75,3317.004775220995,0.0012455318510515771,1.2007422371136063,0.37459117336757414,1.015168742558325,NULL,NULL,NULL,NULL,NULL,NULL,NULL,NULL,NULL,NULL,NULL,NULL,NULL,NULL,NULL,NULL,NULL,NULL,NULL,NULL,38.38362891252772,NULL
madrid,2,1,55,100,500,NULL,NULL,NULL,NULL,NULL,NULL,NULL,NULL,NULL,2651.5933044535645,2149.548387096774,3.52,10000212.416666668,4249.652779141967,0.0007808824800960569,1.2114420013061504,0.3719220254818506,1.0614644199158825,NULL,NULL,NULL,NULL,NULL,NULL,NULL,NULL,NULL,NULL,NULL,NULL,NULL,NULL,NULL,NULL,NULL,NULL,NULL,NULL,65.77905170321928,NULL
madrid,3,1,55,100,500,NULL,NULL,NULL,NULL,NULL,NULL,NULL,NULL,NULL,2985.8117131931585,2432.4012096774195,4.36,13779681.25,4404.6502197618265,0.0009135203679456645,1.2649099167493327,0.3726491545130099,1.0966364364971277,NULL,NULL,NULL,NULL,NULL,NULL,NULL,NULL,NULL,NULL,NULL,NULL,NULL,NULL,NULL,NULL,NULL,NULL,NULL,NULL,90.22717508439123,NULL
madrid,4,1,55,100,500,NULL,NULL,NULL,NULL,NULL,NULL,NULL,NULL,NULL,3042.998150643634,2612.483870967742,6.128,17604338.75,4598.53151824665,0.0007214021835454397,1.3212744519048958,0.3659311356134982,1.149474904798726,NULL,NULL,NULL,NULL,NULL,NULL,NULL,NULL,NULL,NULL,NULL,NULL,NULL,NULL,NULL,NULL,NULL,NULL,NULL,NULL,131.16806110084963,NULL
madrid,5,1,55,100,500,NULL,NULL,NULL,NULL,NULL,NULL,NULL,NULL,NULL,3296.1150557281135,2958.0564516129034,6.136,18866720.5,4716.8371205849235,0.0004364040374569296,1.3870368152445,0.3608141415159865,1.1822449702386937,NULL,NULL,NULL,NULL,NULL,NULL,NULL,NULL,NULL,NULL,NULL,NULL,NULL,NULL,NULL,NULL,NULL,NULL,NULL,NULL,137.27901090238092,NULL
madrid,6,1,55,100,500,NULL,NULL,NULL,NULL,NULL,NULL,NULL,NULL,NULL,3495.9818252534556,3018.1370967741937,5.692,18063520.49074074,5076.262157357428,0.0003356724632994973,1.4313650004032539,0.3672482454421349,1.2018747904476854,NULL,NULL,NULL,NULL,NULL,NULL,NULL,NULL,NULL,NULL,NULL,NULL,NULL,NULL,NULL,NULL,NULL,NULL,NULL,NULL,142.6549225712523,NULL
madrid,7,1,55,100,500,NULL,NULL,NULL,NULL,NULL,NULL,NULL,NULL,NULL,3792.9375332222367,3133.258064516129,8.45,26235025.25,5410.354455398981,0.0006599060109993842,1.4377849890297592,0.3695182953333705,1.2223768624117533,NULL,NULL,NULL,NULL,NULL,NULL,NULL,NULL,NULL,NULL,NULL,NULL,NULL,NULL,NULL,NULL,NULL,NULL,NULL,NULL,197.88843457610182,NULL
madrid,8,1,55,100,500,NULL,NULL,NULL,NULL,NULL,NULL,NULL,NULL,NULL,3950.401298004095,3344.790322580645,9.882,31877381.0,5255.976083390571,0.0002870509581247121,1.5324278886522646,0.3582900420645282,1.284267302712669,NULL,NULL,NULL,NULL,NULL,NULL,NULL,NULL,NULL,NULL,NULL,NULL,NULL,NULL,NULL,NULL,NULL,NULL,NULL,NULL,243.4315175457412,NULL
melbourne,1,1,55,100,500,NULL,NULL,NULL,NULL,NULL,NULL,NULL,NULL,NULL,474.5174112284328,468.20362903225805,2.672,1310707.75,693.603572764228,0.0034327891550934428,1.0993273940132813,0.37081992012844245,1.0180788315500493,NULL,NULL,NULL,NULL,NULL,NULL,NULL,NULL,NULL,NULL,NULL,NULL,NULL,NULL,NULL,NULL,NULL,NULL,NULL,NULL,46.81407156627286,NULL
melbourne,2,1,55,100,500,NULL,NULL,NULL,NULL,NULL,NULL,NULL,NULL,NULL,555.1304641114383,543.3447580645161,3.258,1687699.25,765.9886613235478,0.0038450844150982365,1.084672214373988,0.3699087130244051,1.0195556254225218,NULL,NULL,NULL,NULL,NULL,NULL,NULL,NULL,NULL,NULL,NULL,NULL,NULL,NULL,NULL,NULL,NULL,NULL,NULL,NULL,52.088582840854684,NULL
melbourne,3,1,55,100,500,NULL,NULL,NULL,NULL,NULL,NULL,NULL,NULL,NULL,613.5744803626488,602.7822580645161,4.506,2336640.25,818.8279611260334,0.0031709809231681724,1.1129577994376063,0.358062556309139,1.0504548892045722,NULL,NULL,NULL,NULL,NULL,NULL,NULL,NULL,NULL,NULL,NULL,NULL,NULL,NULL,NULL,NULL,NULL,NULL,NULL,NULL,67.60959102873205,NULL
melbourne,4,1,55,100,500,NULL,NULL,NULL,NULL,NULL,NULL,NULL,NULL,NULL,638.8225668923294,629.6290322580645,4.758,2494995.75,836.2492561202064,0.00245626033221241,1.1014266253431693,0.3642709495213873,1.042932718944995,NULL,NULL,NULL,NULL,NULL,NULL,NULL,NULL,NULL,NULL,NULL,NULL,NULL,NULL,NULL,NULL,NULL,NULL,NULL,NULL,71.27833530664071,NULL
melbourne,5,1,55,100,500,NULL,NULL,NULL,NULL,NULL,NULL,NULL,NULL,NULL,695.1974892080724,688.0,5.9,3257477.5,884.453125145338,0.004228452223759401,1.107017450362689,0.36332557376108526,1.0484880644144834,NULL,NULL,NULL,NULL,NULL,NULL,NULL,NULL,NULL,NULL,NULL,NULL,NULL,NULL,NULL,NULL,NULL,NULL,NULL,NULL,86.50915148958242,NULL
melbourne,6,1,55,100,500,NULL,NULL,NULL,NULL,NULL,NULL,NULL,NULL,NULL,726.3048147660243,719.2903225806451,6.136,3523549.25,930.6298992795219,0.0024497344449575824,1.0947927562828645,0.36695504316404837,1.0420419506362937,NULL,NULL,NULL,NULL,NULL,NULL,NULL,NULL,NULL,NULL,NULL,NULL,NULL,NULL,NULL,NULL,NULL,NULL,NULL,NULL,91.19525693428425,NULL
melbourne,7,1,55,100,500,NULL,NULL,NULL,NULL,NULL,NULL,NULL,NULL,NULL,770.0466962001929,762.0725806451613,7.664,4343228.25,943.5019988488987,0.003792791472066263,1.1233822010557115,0.36396120694211254,1.0668795228745687,NULL,NULL,NULL,NULL,NULL,NULL,NULL,NULL,NULL,NULL,NULL,NULL,NULL,NULL,NULL,NULL,NULL,NULL,NULL,NULL,113.94906244515533,NULL
melbourne,8,1,55,100,500,NULL,NULL,NULL,NULL,NULL,NULL,NULL,NULL,NULL,793.7081961258198,774.7566037735849,7.832,4544740.25,940.5640607838237,0.0024276981958267062,1.1140999942968624,0.3698395641355897,1.0521715684257738,NULL,NULL,NULL,NULL,NULL,NULL,NULL,NULL,NULL,NULL,NULL,NULL,NULL,NULL,NULL,NULL,NULL,NULL,NULL,NULL,117.61140116092662,NULL
london,1,1,55,100,500,NULL,NULL,NULL,NULL,NULL,NULL,NULL,NULL,NULL,872.0619872178081,847.8407258064516,3.322,2496875.75,1115.8148551463973,0.0030580489557476987,1.0860735508353305,0.36971597958192576,1.0142201723896351,NULL,NULL,NULL,NULL,NULL,NULL,NULL,NULL,NULL,NULL,NULL,NULL,NULL,NULL,NULL,NULL,NULL,NULL,NULL,NULL,44.681197402678585,NULL
london,2,1,55,100,500,NULL,NULL,NULL,NULL,NULL,NULL,NULL,NULL,NULL,992.1735532578195,950.6653225806451,3.108,2642985.0,1246.033771026445,0.0029506614433911795,1.0826530959862277,0.3666223606334145,1.0253122407209407,NULL,NULL,NULL,NULL,NULL,NULL,NULL,NULL,NULL,NULL,NULL,NULL,NULL,NULL,NULL,NULL,NULL,NULL,NULL,NULL,41.534007826828656,NULL
london,3,1,55,100,500,NULL,NULL,NULL,NULL,NULL,NULL,NULL,NULL,NULL,1052.339017553655,999.2016129032259,3.994,3427032.0,1268.1448748580572,0.0037975949892355243,1.0846686076397836,0.3658385087817187,1.0294409357871983,NULL,NULL,NULL,NULL,NULL,NULL,NULL,NULL,NULL,NULL,NULL,NULL,NULL,NULL,NULL,NULL,NULL,NULL,NULL,NULL,52.64653654324684,NULL
london,4,1,55,100,500,NULL,NULL,NULL,NULL,NULL,NULL,NULL,NULL,NULL,1090.6150985683414,1025.3225806451615,4.126,3627782.0,1316.5014252168826,0.0048912692305543536,1.0388103977060703,0.376699617355909,0.9945499114532247,NULL,NULL,NULL,NULL,NULL,NULL,NULL,NULL,NULL,NULL,NULL,NULL,NULL,NULL,NULL,NULL,NULL,NULL,NULL,NULL,53.26661261274257,NULL
london,5,1,55,100,500,NULL,NULL,NULL,NULL,NULL,NULL,NULL,NULL,NULL,1133.1318988471496,1093.9193548387098,4.898,3875925.0,1308.7156493794764,0.0035545439024219447,1.0665990359332227,0.3674287618661634,1.0197423093452451,NULL,NULL,NULL,NULL,NULL,NULL,NULL,NULL,NULL,NULL,NULL,NULL,NULL,NULL,NULL,NULL,NULL,NULL,NULL,NULL,61.92444479551223,NULL
london,6,1,55,100,500,NULL,NULL,NULL,NULL,NULL,NULL,NULL,NULL,NULL,1175.3637687317082,1101.418255131965,5.078,4196222.0,1325.2798528431038,0.0032547504237180995,1.0747631208665145,0.3705217815919285,1.0208589411102644,NULL,NULL,NULL,NULL,NULL,NULL,NULL,NULL,NULL,NULL,NULL,NULL,NULL,NULL,NULL,NULL,NULL,NULL,NULL,NULL,65.76383191017825,NULL
london,7,1,55,100,500,NULL,NULL,NULL,NULL,NULL,NULL,NULL,NULL,NULL,1216.4791329420575,1156.8951612903224,6.612,5347937.0,1337.5468721833092,0.002871831359686768,1.0555523556678903,0.37182087264530667,1.0139140103695516,NULL,NULL,NULL,NULL,NULL,NULL,NULL,NULL,NULL,NULL,NULL,NULL,NULL,NULL,NULL,NULL,NULL,NULL,NULL,NULL,79.93422453575735,NULL
london,8,1,55,100,500,NULL,NULL,NULL,NULL,NULL,NULL,NULL,NULL,NULL,1237.5913630052014,1172.75,6.726,5607315.0,1366.2176188180774,0.0021854640430535146,1.1031846308119275,0.362863180964797,1.043603446816598,NULL,NULL,NULL,NULL,NULL,NULL,NULL,NULL,NULL,NULL,NULL,NULL,NULL,NULL,NULL,NULL,NULL,NULL,NULL,NULL,84.19509811188362,NULL
madrid,4,1,55,100,500,NULL,NULL,NULL,NULL,NULL,NULL,NULL,NULL,NULL,2982.438344547842,2561.810483870968,4.806,14420592.25,4300.969588933773,0.0006151767626572672,1.3354831304843195,0.3670249682184948,1.1445891238492867,NULL,NULL,NULL,NULL,NULL,NULL,NULL,NULL,NULL,NULL,NULL,NULL,NULL,NULL,NULL,NULL,NULL,NULL,NULL,NULL,109.94884219211716,NULL
madrid,4,2,55,100,500,NULL,NULL,NULL,NULL,NULL,NULL,NULL,NULL,NULL,3105.6571372053104,2720.8790322580644,6.194,17038269.0,4732.381100635035,0.000771029316216238,1.3597044414774904,0.3686294496233857,1.1477152599103289,NULL,NULL,NULL,NULL,NULL,NULL,NULL,NULL,NULL,NULL,NULL,NULL,NULL,NULL,NULL,NULL,NULL,NULL,NULL,NULL,136.06581491287056,NULL
madrid,4,3,55,100,500,NULL,NULL,NULL,NULL,NULL,NULL,NULL,NULL,NULL,3154.0397805968378,2650.1673387096776,6.468,20146798.75,4558.602536173206,0.001085028231023789,1.4437167876228767,0.3701105756851439,1.1996966441077597,NULL,NULL,NULL,NULL,NULL,NULL,NULL,NULL,NULL,NULL,NULL,NULL,NULL,NULL,NULL,NULL,NULL,NULL,NULL,NULL,161.98657429185533,NULL
madrid,4,4,55,100,500,NULL,NULL,NULL,NULL,NULL,NULL,NULL,NULL,NULL,3194.339323428888,2677.8870967741937,7.302,22886430.5,4497.312926738422,0.0007510752917291941,1.4693084248413597,0.3790322237645263,1.207132989230308,NULL,NULL,NULL,NULL,NULL,NULL,NULL,NULL,NULL,NULL,NULL,NULL,NULL,NULL,NULL,NULL,NULL,NULL,NULL,NULL,186.7890244539133,NULL
madrid,4,5,55,100,500,NULL,NULL,NULL,NULL,NULL,NULL,NULL,NULL,NULL,3265.8598210362275,2696.2759856630823,8.828,24844658.12037037,4588.827847110824,0.0011023109867757744,1.5426913486349767,0.36521633124035774,1.2590159289034109,NULL,NULL,NULL,NULL,NULL,NULL,NULL,NULL,NULL,NULL,NULL,NULL,NULL,NULL,NULL,NULL,NULL,NULL,NULL,NULL,233.15930638926216,NULL
madrid,4,6,55,100,500,NULL,NULL,NULL,NULL,NULL,NULL,NULL,NULL,NULL,3153.5588507666607,2808.217741935484,9.302,23628295.944444444,4511.112904752451,0.0005281577423394965,1.648785853380774,0.3610647126478646,1.3412429201106766,NULL,NULL,NULL,NULL,NULL,NULL,NULL,NULL,NULL,NULL,NULL,NULL,NULL,NULL,NULL,NULL,NULL,NULL,NULL,NULL,253.8670982576516,NULL
madrid,4,7,55,100,500,NULL,NULL,NULL,NULL,NULL,NULL,NULL,NULL,NULL,3356.822557043533,2792.25,8.448,24707064.10185185,4412.554511353302,0.0006952456035530841,1.7322459224372015,0.3608631749081227,1.3831097571931783,NULL,NULL,NULL,NULL,NULL,NULL,NULL,NULL,NULL,NULL,NULL,NULL,NULL,NULL,NULL,NULL,NULL,NULL,NULL,NULL,275.47079488132056,NULL
madrid,4,8,55,100,500,NULL,NULL,NULL,NULL,NULL,NULL,NULL,NULL,NULL,3241.253911489617,2806.072580645161,10.746,29593121.812671468,4349.269392154544,0.00030206253470319765,1.819458050394499,0.36250625682981863,1.46089504173598,NULL,NULL,NULL,NULL,NULL,NULL,NULL,NULL,NULL,NULL,NULL,NULL,NULL,NULL,NULL,NULL,NULL,NULL,NULL,NULL,349.88804321377563,NULL
melbourne,4,1,55,100,500,NULL,NULL,NULL,NULL,NULL,NULL,NULL,NULL,NULL,658.3751477898261,657.4637096774193,4.42,2388246.25,846.5726266216182,0.0034868796816782993,1.1160610732267473,0.3615096158620048,1.052592050271623,NULL,NULL,NULL,NULL,NULL,NULL,NULL,NULL,NULL,NULL,NULL,NULL,NULL,NULL,NULL,NULL,NULL,NULL,NULL,NULL,70.80406857892882,NULL
melbourne,4,2,55,100,500,NULL,NULL,NULL,NULL,NULL,NULL,NULL,NULL,NULL,662.2920250908007,655.8610215053764,5.29,2923315.0,854.825817170348,0.002185609262962817,1.1048610220868469,0.3671955431420042,1.0394754664396346,NULL,NULL,NULL,NULL,NULL,NULL,NULL,NULL,NULL,NULL,NULL,NULL,NULL,NULL,NULL,NULL,NULL,NULL,NULL,NULL,83.67328944208603,NULL
melbourne,4,3,55,100,500,NULL,NULL,NULL,NULL,NULL,NULL,NULL,NULL,NULL,665.778728503597,650.516129032258,5.706,3184996.25,852.170862956244,0.00240362861719621,1.1196279851678066,0.36885551255304283,1.0460214985302072,NULL,NULL,NULL,NULL,NULL,NULL,NULL,NULL,NULL,NULL,NULL,NULL,NULL,NULL,NULL,NULL,NULL,NULL,NULL,NULL,87.98687188010254,NULL
melbourne,4,4,55,100,500,NULL,NULL,NULL,NULL,NULL,NULL,NULL,NULL,NULL,664.3583495333521,650.8629032258065,6.632,3496988.25,836.9492120837716,0.0031348256026956125,1.146999149120294,0.36441816349843953,1.0718867955766118,NULL,NULL,NULL,NULL,NULL,NULL,NULL,NULL,NULL,NULL,NULL,NULL,NULL,NULL,NULL,NULL,NULL,NULL,NULL,NULL,104.54699148029471,NULL
melbourne,4,5,55,100,500,NULL,NULL,NULL,NULL,NULL,NULL,NULL,NULL,NULL,655.3769717906625,631.8187766281193,6.874,3717181.0,835.2682360968387,0.0023335470346050823,1.1297240345232271,0.37615919270291726,1.042520566979941,NULL,NULL,NULL,NULL,NULL,NULL,NULL,NULL,NULL,NULL,NULL,NULL,NULL,NULL,NULL,NULL,NULL,NULL,NULL,NULL,112.80721442332748,NULL
melbourne,4,6,55,100,500,NULL,NULL,NULL,NULL,NULL,NULL,NULL,NULL,NULL,661.1174014996074,650.6592741935484,7.272,4003134.5,831.2528746079395,0.002724528073065984,1.1399925391629735,0.36990082423020054,1.0574621154150983,NULL,NULL,NULL,NULL,NULL,NULL,NULL,NULL,NULL,NULL,NULL,NULL,NULL,NULL,NULL,NULL,NULL,NULL,NULL,NULL,117.96630962655256,NULL
melbourne,4,7,55,100,500,NULL,NULL,NULL,NULL,NULL,NULL,NULL,NULL,NULL,671.8213994861841,648.483870967742,7.788,4334968.75,825.9459856509131,0.0025206150924643794,1.1584613449121444,0.36867816589270114,1.0751345934652976,NULL,NULL,NULL,NULL,NULL,NULL,NULL,NULL,NULL,NULL,NULL,NULL,NULL,NULL,NULL,NULL,NULL,NULL,NULL,NULL,128.19285939486747,NULL
melbourne,4,8,55,100,500,NULL,NULL,NULL,NULL,NULL,NULL,NULL,NULL,NULL,662.8533260620222,645.2269061583578,6.646,3573738.0,824.4971349867932,0.003185180479631754,1.1742730480022348,0.3695546149743155,1.0777663505513062,NULL,NULL,NULL,NULL,NULL,NULL,NULL,NULL,NULL,NULL,NULL,NULL,NULL,NULL,NULL,NULL,NULL,NULL,NULL,NULL,114.5147424830732,NULL
london,4,1,55,100,500,NULL,NULL,NULL,NULL,NULL,NULL,NULL,NULL,NULL,1103.565111950737,1045.1491935483873,4.328,3597460.0,1324.85431763325,0.0032260572272692126,1.0674688275314506,0.36829869652802666,1.018591208285649,NULL,NULL,NULL,NULL,NULL,NULL,NULL,NULL,NULL,NULL,NULL,NULL,NULL,NULL,NULL,NULL,NULL,NULL,NULL,NULL,55.024394744285296,NULL
london,4,2,55,100,500,NULL,NULL,NULL,NULL,NULL,NULL,NULL,NULL,NULL,1115.0968404312669,1068.6471774193546,4.472,3871724.0,1322.4397042046546,0.0028249683994834643,1.0541903445720417,0.3733644271077585,1.0090275786736793,NULL,NULL,NULL,NULL,NULL,NULL,NULL,NULL,NULL,NULL,NULL,NULL,NULL,NULL,NULL,NULL,NULL,NULL,NULL,NULL,57.58870777829409,NULL
london,4,3,55,100,500,NULL,NULL,NULL,NULL,NULL,NULL,NULL,NULL,NULL,1086.9653172930075,1046.4354838709678,4.524,3484883.0,1224.0157543869634,0.0040348009252947105,1.0562594081844239,0.3752036234953023,1.0018921471761497,NULL,NULL,NULL,NULL,NULL,NULL,NULL,NULL,NULL,NULL,NULL,NULL,NULL,NULL,NULL,NULL,NULL,NULL,NULL,NULL,59.606044933251916,NULL
london,4,4,55,100,500,NULL,NULL,NULL,NULL,NULL,NULL,NULL,NULL,NULL,1115.6789802007322,1071.516129032258,5.644,4549919.0,1277.7284179288758,0.0026039673599391805,1.0716014679294497,0.3718292490698328,1.0136244476228524,NULL,NULL,NULL,NULL,NULL,NULL,NULL,NULL,NULL,NULL,NULL,NULL,NULL,NULL,NULL,NULL,NULL,NULL,NULL,NULL,73.04499918758009,NULL
london,4,5,55,100,500,NULL,NULL,NULL,NULL,NULL,NULL,NULL,NULL,NULL,1099.7850978417127,1063.0725806451615,7.082,5634842.0,1238.8569542962825,0.0025215211946762245,1.1050139082520989,0.3676210484445998,1.0409588778893255,NULL,NULL,NULL,NULL,NULL,NULL,NULL,NULL,NULL,NULL,NULL,NULL,NULL,NULL,NULL,NULL,NULL,NULL,NULL,NULL,99.13362528543647,NULL
london,4,6,55,100,500,NULL,NULL,NULL,NULL,NULL,NULL,NULL,NULL,NULL,1120.8668454680014,1069.758064516129,6.388,5337873.25,1251.3076364027038,0.0020797666901520343,1.0835271121862275,0.3745450452961601,1.0202175620424607,NULL,NULL,NULL,NULL,NULL,NULL,NULL,NULL,NULL,NULL,NULL,NULL,NULL,NULL,NULL,NULL,NULL,NULL,NULL,NULL,87.48872372611949,NULL
london,4,7,55,100,500,NULL,NULL,NULL,NULL,NULL,NULL,NULL,NULL,NULL,1111.028294208278,1057.133797653959,6.55,5251161.0,1270.0271334481781,0.0020457383378035443,1.1026623374445377,0.36646876970299375,1.0357741058962984,NULL,NULL,NULL,NULL,NULL,NULL,NULL,NULL,NULL,NULL,NULL,NULL,NULL,NULL,NULL,NULL,NULL,NULL,NULL,NULL,89.93390576846416,NULL
london,4,8,55,100,500,NULL,NULL,NULL,NULL,NULL,NULL,NULL,NULL,NULL,1113.0932536126759,1056.1653225806451,7.338,6017352.0,1225.2900154047647,0.0028557453285461233,1.096314037649174,0.3724505920027358,1.0329305861370206,NULL,NULL,NULL,NULL,NULL,NULL,NULL,NULL,NULL,NULL,NULL,NULL,NULL,NULL,NULL,NULL,NULL,NULL,NULL,NULL,106.34739687447043,NULL
