cityname,i_o_length,prediction_horizon,grid_size,thresh,cx_sample_whole_data,cx_sample_single_point,CSR_PM_frac,CSR_PM_count,CSR_PM_no_thresh_median,CSR_PM_no_thresh_mean,,
london,1,4,25,100,800,40,0.0025,2,NULL,NULL,NULL,NULL
london,1,4,25,200,800,40,0.01375,11,NULL,NULL,NULL,NULL
london,1,4,25,400,800,40,0.05875,47,NULL,NULL,NULL,NULL
london,1,4,25,600,800,40,0.21375,171,NULL,NULL,NULL,NULL
london,1,4,25,800,800,40,0.53375,427,NULL,NULL,NULL,NULL
london,1,4,25,1100,800,40,0.715,572,NULL,NULL,NULL,NULL
london,1,4,25,1300,800,40,0.71125,569,NULL,NULL,NULL,NULL
london,1,4,25,1500,800,40,0.60125,481,NULL,NULL,NULL,NULL
london,1,4,25,2000,800,40,0.33625,269,NULL,NULL,NULL,NULL
london,1,4,25,2500,800,40,0.2225,178,NULL,NULL,NULL,NULL
london,1,4,25,3000,800,40,0.125,100,NULL,NULL,NULL,NULL
london,1,4,25,3500,800,40,0.0525,42,NULL,NULL,NULL,NULL
london,1,4,35,100,800,40,0.005,4,NULL,NULL,NULL,NULL
london,1,4,35,200,800,40,0.00875,7,NULL,NULL,NULL,NULL
london,1,4,35,400,800,40,0.03375,27,NULL,NULL,NULL,NULL
london,1,4,35,600,800,40,0.12875,103,NULL,NULL,NULL,NULL
london,1,4,35,800,800,40,0.4,320,NULL,NULL,NULL,NULL
london,1,4,35,1100,800,40,0.6625,530,NULL,NULL,NULL,NULL
london,1,4,35,1300,800,40,0.71125,569,NULL,NULL,NULL,NULL
london,1,4,35,1500,800,40,0.615,492,NULL,NULL,NULL,NULL
london,1,4,35,2000,800,40,0.375,300,NULL,NULL,NULL,NULL
london,1,4,35,2500,800,40,0.23875,191,NULL,NULL,NULL,NULL
london,1,4,35,3000,800,40,0.14,112,NULL,NULL,NULL,NULL
london,1,4,35,3500,800,40,0.06125,49,NULL,NULL,NULL,NULL
london,1,4,45,100,800,40,0.00375,3,NULL,NULL,NULL,NULL
london,1,4,45,200,800,40,0.015,12,NULL,NULL,NULL,NULL
london,1,4,45,400,800,40,0.025,20,NULL,NULL,NULL,NULL
london,1,4,45,600,800,40,0.0925,74,NULL,NULL,NULL,NULL
london,1,4,45,800,800,40,0.285,228,NULL,NULL,NULL,NULL
london,1,4,45,1100,800,40,0.61875,495,NULL,NULL,NULL,NULL
london,1,4,45,1300,800,40,0.705,564,NULL,NULL,NULL,NULL
london,1,4,45,1500,800,40,0.67,536,NULL,NULL,NULL,NULL
london,1,4,45,2000,800,40,0.4125,330,NULL,NULL,NULL,NULL
london,1,4,45,2500,800,40,0.24875,199,NULL,NULL,NULL,NULL
london,1,4,45,3000,800,40,0.17875,143,NULL,NULL,NULL,NULL
london,1,4,45,3500,800,40,0.05875,47,NULL,NULL,NULL,NULL
london,1,4,55,100,800,40,0.01,8,NULL,NULL,NULL,NULL
london,1,4,55,200,800,40,0.00875,7,NULL,NULL,NULL,NULL
london,1,4,55,400,800,40,0.0225,18,NULL,NULL,NULL,NULL
london,1,4,55,600,800,40,0.0625,50,NULL,NULL,NULL,NULL
london,1,4,55,800,800,40,0.18375,147,NULL,NULL,NULL,NULL
london,1,4,55,1100,800,40,0.56625,453,NULL,NULL,NULL,NULL
london,1,4,55,1300,800,40,0.7725,618,NULL,NULL,NULL,NULL
london,1,4,55,1500,800,40,0.8675,694,NULL,NULL,NULL,NULL
london,1,4,55,2000,800,40,0.88875,711,NULL,NULL,NULL,NULL
london,1,4,55,2500,800,40,0.8525,682,NULL,NULL,NULL,NULL
london,1,4,55,3000,800,40,0.81,648,NULL,NULL,NULL,NULL
london,1,4,55,3500,800,40,0.69125,553,NULL,NULL,NULL,NULL
london,1,4,65,100,800,40,0.00125,1,NULL,NULL,NULL,NULL
london,1,4,65,200,800,40,0.01375,11,NULL,NULL,NULL,NULL
london,1,4,65,400,800,40,0.02,16,NULL,NULL,NULL,NULL
london,1,4,65,600,800,40,0.04625,37,NULL,NULL,NULL,NULL
london,1,4,65,800,800,40,0.15125,121,NULL,NULL,NULL,NULL
london,1,4,65,1100,800,40,0.505,404,NULL,NULL,NULL,NULL
london,1,4,65,1300,800,40,0.76125,609,NULL,NULL,NULL,NULL
london,1,4,65,1500,800,40,0.835,668,NULL,NULL,NULL,NULL
london,1,4,65,2000,800,40,0.88625,709,NULL,NULL,NULL,NULL
london,1,4,65,2500,800,40,0.85375,683,NULL,NULL,NULL,NULL
london,1,4,65,3000,800,40,0.805,644,NULL,NULL,NULL,NULL
london,1,4,65,3500,800,40,0.66125,529,NULL,NULL,NULL,NULL
london,1,4,75,100,800,40,0.0025,2,NULL,NULL,NULL,NULL
london,1,4,75,200,800,40,0.005,4,NULL,NULL,NULL,NULL
london,1,4,75,400,800,40,0.0125,10,NULL,NULL,NULL,NULL
london,1,4,75,600,800,40,0.04125,33,NULL,NULL,NULL,NULL
london,1,4,75,800,800,40,0.1325,106,NULL,NULL,NULL,NULL
london,1,4,75,1100,800,40,0.48375,387,NULL,NULL,NULL,NULL
london,1,4,75,1300,800,40,0.73375,587,NULL,NULL,NULL,NULL
london,1,4,75,1500,800,40,0.85875,687,NULL,NULL,NULL,NULL
london,1,4,75,2000,800,40,0.87375,699,NULL,NULL,NULL,NULL
london,1,4,75,2500,800,40,0.86,688,NULL,NULL,NULL,NULL
london,1,4,75,3000,800,40,0.8125,650,NULL,NULL,NULL,NULL
london,1,4,75,3500,800,40,0.70875,567,NULL,NULL,NULL,NULL
london,1,4,85,100,800,40,0.005,4,NULL,NULL,NULL,NULL
london,1,4,85,200,800,40,0.00875,7,NULL,NULL,NULL,NULL
london,1,4,85,400,800,40,0.0175,14,NULL,NULL,NULL,NULL
london,1,4,85,600,800,40,0.0275,22,NULL,NULL,NULL,NULL
london,1,4,85,800,800,40,0.07875,63,NULL,NULL,NULL,NULL
london,1,4,85,1100,800,40,0.3675,294,NULL,NULL,NULL,NULL
london,1,4,85,1300,800,40,0.68625,549,NULL,NULL,NULL,NULL
london,1,4,85,1500,800,40,0.83875,671,NULL,NULL,NULL,NULL
london,1,4,85,2000,800,40,0.87125,697,NULL,NULL,NULL,NULL
london,1,4,85,2500,800,40,0.8925,714,NULL,NULL,NULL,NULL
london,1,4,85,3000,800,40,0.78375,627,NULL,NULL,NULL,NULL
london,1,4,85,3500,800,40,0.705,564,NULL,NULL,NULL,NULL
london,1,4,105,100,800,40,0.0025,2,NULL,NULL,NULL,NULL
london,1,4,105,200,800,40,0.0025,2,NULL,NULL,NULL,NULL
london,1,4,105,400,800,40,0.025,20,NULL,NULL,NULL,NULL
london,1,4,105,600,800,40,0.04,32,NULL,NULL,NULL,NULL
london,1,4,105,800,800,40,0.11875,95,NULL,NULL,NULL,NULL
london,1,4,105,1100,800,40,0.475,380,NULL,NULL,NULL,NULL
london,1,4,105,1300,800,40,0.71875,575,NULL,NULL,NULL,NULL
london,1,4,105,1500,800,40,0.83125,665,NULL,NULL,NULL,NULL
london,1,4,105,2000,800,40,0.8725,698,NULL,NULL,NULL,NULL
london,1,4,105,2500,800,40,0.86125,689,NULL,NULL,NULL,NULL
london,1,4,105,3000,800,40,0.795,636,NULL,NULL,NULL,NULL
london,1,4,105,3500,800,40,0.6975,558,NULL,NULL,NULL,NULL
madrid,1,4,25,100,800,40,0.00125,1,NULL,NULL,NULL,NULL
madrid,1,4,25,200,800,40,0.0625,50,NULL,NULL,NULL,NULL
madrid,1,4,25,400,800,40,0.1725,138,NULL,NULL,NULL,NULL
madrid,1,4,25,600,800,40,0.26,208,NULL,NULL,NULL,NULL
madrid,1,4,25,800,800,40,0.35875,287,NULL,NULL,NULL,NULL
madrid,1,4,25,1100,800,40,0.57125,457,NULL,NULL,NULL,NULL
madrid,1,4,25,1300,800,40,0.6875,550,NULL,NULL,NULL,NULL
madrid,1,4,25,1500,800,40,0.785,628,NULL,NULL,NULL,NULL
madrid,1,4,25,2000,800,40,0.88,704,NULL,NULL,NULL,NULL
madrid,1,4,25,2500,800,40,0.875,700,NULL,NULL,NULL,NULL
madrid,1,4,25,3000,800,40,0.8,640,NULL,NULL,NULL,NULL
madrid,1,4,25,3500,800,40,0.6375,510,NULL,NULL,NULL,NULL
madrid,1,4,35,100,800,40,0.0025,2,NULL,NULL,NULL,NULL
madrid,1,4,35,200,800,40,0.02625,21,NULL,NULL,NULL,NULL
madrid,1,4,35,400,800,40,0.09625,77,NULL,NULL,NULL,NULL
madrid,1,4,35,600,800,40,0.1575,126,NULL,NULL,NULL,NULL
madrid,1,4,35,800,800,40,0.22,176,NULL,NULL,NULL,NULL
madrid,1,4,35,1100,800,40,0.3575,286,NULL,NULL,NULL,NULL
madrid,1,4,35,1300,800,40,0.43875,351,NULL,NULL,NULL,NULL
madrid,1,4,35,1500,800,40,0.57875,463,NULL,NULL,NULL,NULL
madrid,1,4,35,2000,800,40,0.7375,590,NULL,NULL,NULL,NULL
madrid,1,4,35,2500,800,40,0.7825,626,NULL,NULL,NULL,NULL
madrid,1,4,35,3000,800,40,0.76125,609,NULL,NULL,NULL,NULL
madrid,1,4,35,3500,800,40,0.69,552,NULL,NULL,NULL,NULL
madrid,1,4,45,100,800,40,0.00375,3,NULL,NULL,NULL,NULL
madrid,1,4,45,200,800,40,0.01375,11,NULL,NULL,NULL,NULL
madrid,1,4,45,400,800,40,0.07,56,NULL,NULL,NULL,NULL
madrid,1,4,45,600,800,40,0.14375,115,NULL,NULL,NULL,NULL
madrid,1,4,45,800,800,40,0.175,140,NULL,NULL,NULL,NULL
madrid,1,4,45,1100,800,40,0.295,236,NULL,NULL,NULL,NULL
madrid,1,4,45,1300,800,40,0.37125,297,NULL,NULL,NULL,NULL
madrid,1,4,45,1500,800,40,0.4575,366,NULL,NULL,NULL,NULL
madrid,1,4,45,2000,800,40,0.67125,537,NULL,NULL,NULL,NULL
madrid,1,4,45,2500,800,40,0.75,600,NULL,NULL,NULL,NULL
madrid,1,4,45,3000,800,40,0.74125,593,NULL,NULL,NULL,NULL
madrid,1,4,45,3500,800,40,0.68875,551,NULL,NULL,NULL,NULL
madrid,1,4,55,100,800,40,0.0025,2,NULL,NULL,NULL,NULL
madrid,1,4,55,200,800,40,0.00375,3,NULL,NULL,NULL,NULL
madrid,1,4,55,400,800,40,0.04625,37,NULL,NULL,NULL,NULL
madrid,1,4,55,600,800,40,0.0825,66,NULL,NULL,NULL,NULL
madrid,1,4,55,800,800,40,0.16,128,NULL,NULL,NULL,NULL
madrid,1,4,55,1100,800,40,0.215,172,NULL,NULL,NULL,NULL
madrid,1,4,55,1300,800,40,0.29,232,NULL,NULL,NULL,NULL
madrid,1,4,55,1500,800,40,0.51875,415,NULL,NULL,NULL,NULL
madrid,1,4,55,2000,800,40,0.70125,561,NULL,NULL,NULL,NULL
madrid,1,4,55,2500,800,40,0.825,660,NULL,NULL,NULL,NULL
madrid,1,4,55,3000,800,40,0.8275,662,NULL,NULL,NULL,NULL
madrid,1,4,55,3500,800,40,0.83625,669,NULL,NULL,NULL,NULL
madrid,1,4,65,100,800,40,0.00125,1,NULL,NULL,NULL,NULL
madrid,1,4,65,200,800,40,0.005,4,NULL,NULL,NULL,NULL
madrid,1,4,65,400,800,40,0.0325,26,NULL,NULL,NULL,NULL
madrid,1,4,65,600,800,40,0.08625,69,NULL,NULL,NULL,NULL
madrid,1,4,65,800,800,40,0.1475,118,NULL,NULL,NULL,NULL
madrid,1,4,65,1100,800,40,0.18125,145,NULL,NULL,NULL,NULL
madrid,1,4,65,1300,800,40,0.24875,199,NULL,NULL,NULL,NULL
madrid,1,4,65,1500,800,40,0.39125,313,NULL,NULL,NULL,NULL
madrid,1,4,65,2000,800,40,0.645,516,NULL,NULL,NULL,NULL
madrid,1,4,65,2500,800,40,0.76,608,NULL,NULL,NULL,NULL
madrid,1,4,65,3000,800,40,0.82125,657,NULL,NULL,NULL,NULL
madrid,1,4,65,3500,800,40,0.79625,637,NULL,NULL,NULL,NULL
madrid,1,4,75,100,800,40,0.005,4,NULL,NULL,NULL,NULL
madrid,1,4,75,200,800,40,0.0025,2,NULL,NULL,NULL,NULL
madrid,1,4,75,400,800,40,0.01125,9,NULL,NULL,NULL,NULL
madrid,1,4,75,600,800,40,0.045,36,NULL,NULL,NULL,NULL
madrid,1,4,75,800,800,40,0.0725,58,NULL,NULL,NULL,NULL
madrid,1,4,75,1100,800,40,0.15625,125,NULL,NULL,NULL,NULL
madrid,1,4,75,1300,800,40,0.1925,154,NULL,NULL,NULL,NULL
madrid,1,4,75,1500,800,40,0.3325,266,NULL,NULL,NULL,NULL
madrid,1,4,75,2000,800,40,0.58,464,NULL,NULL,NULL,NULL
madrid,1,4,75,2500,800,40,0.705,564,NULL,NULL,NULL,NULL
madrid,1,4,75,3000,800,40,0.8175,654,NULL,NULL,NULL,NULL
madrid,1,4,75,3500,800,40,0.83625,669,NULL,NULL,NULL,NULL
madrid,1,4,85,100,800,40,0.00375,3,NULL,NULL,NULL,NULL
madrid,1,4,85,200,800,40,0.005,4,NULL,NULL,NULL,NULL
madrid,1,4,85,400,800,40,0.015,12,NULL,NULL,NULL,NULL
madrid,1,4,85,600,800,40,0.0475,38,NULL,NULL,NULL,NULL
madrid,1,4,85,800,800,40,0.0875,70,NULL,NULL,NULL,NULL
madrid,1,4,85,1100,800,40,0.135,108,NULL,NULL,NULL,NULL
madrid,1,4,85,1300,800,40,0.20625,165,NULL,NULL,NULL,NULL
madrid,1,4,85,1500,800,40,0.33,264,NULL,NULL,NULL,NULL
madrid,1,4,85,2000,800,40,0.5575,446,NULL,NULL,NULL,NULL
madrid,1,4,85,2500,800,40,0.69375,555,NULL,NULL,NULL,NULL
madrid,1,4,85,3000,800,40,0.785,628,NULL,NULL,NULL,NULL
madrid,1,4,85,3500,800,40,0.82125,657,NULL,NULL,NULL,NULL
madrid,1,4,105,100,800,40,0.0025,2,NULL,NULL,NULL,NULL
madrid,1,4,105,200,800,40,0.005,4,NULL,NULL,NULL,NULL
madrid,1,4,105,400,800,40,0.01125,9,NULL,NULL,NULL,NULL
madrid,1,4,105,600,800,40,0.03,24,NULL,NULL,NULL,NULL
madrid,1,4,105,800,800,40,0.0725,58,NULL,NULL,NULL,NULL
madrid,1,4,105,1100,800,40,0.11,88,NULL,NULL,NULL,NULL
madrid,1,4,105,1300,800,40,0.165,132,NULL,NULL,NULL,NULL
madrid,1,4,105,1500,800,40,0.3125,250,NULL,NULL,NULL,NULL
madrid,1,4,105,2000,800,40,0.54375,435,NULL,NULL,NULL,NULL
madrid,1,4,105,2500,800,40,0.6875,550,NULL,NULL,NULL,NULL
madrid,1,4,105,3000,800,40,0.78875,631,NULL,NULL,NULL,NULL
madrid,1,4,105,3500,800,40,0.8375,670,NULL,NULL,NULL,NULL
melbourne,1,4,25,100,800,40,0.01375,11,NULL,NULL,NULL,NULL
melbourne,1,4,25,200,800,40,0.20375,163,NULL,NULL,NULL,NULL
melbourne,1,4,25,400,800,40,0.76875,615,NULL,NULL,NULL,NULL
melbourne,1,4,25,600,800,40,0.79375,635,NULL,NULL,NULL,NULL
melbourne,1,4,25,800,800,40,0.6475,518,NULL,NULL,NULL,NULL
melbourne,1,4,25,1100,800,40,0.40625,325,NULL,NULL,NULL,NULL
melbourne,1,4,25,1300,800,40,0.25375,203,NULL,NULL,NULL,NULL
melbourne,1,4,25,1500,800,40,0.10875,87,NULL,NULL,NULL,NULL
melbourne,1,4,25,2000,800,40,0.0,0,NULL,NULL,NULL,NULL
melbourne,1,4,25,2500,800,40,0.0,0,NULL,NULL,NULL,NULL
melbourne,1,4,25,3000,800,40,0.0,0,NULL,NULL,NULL,NULL
melbourne,1,4,25,3500,800,40,0.0,0,NULL,NULL,NULL,NULL
melbourne,1,4,35,100,800,40,0.005,4,NULL,NULL,NULL,NULL
melbourne,1,4,35,200,800,40,0.05875,47,NULL,NULL,NULL,NULL
melbourne,1,4,35,400,800,40,0.6625,530,NULL,NULL,NULL,NULL
melbourne,1,4,35,600,800,40,0.82375,659,NULL,NULL,NULL,NULL
melbourne,1,4,35,800,800,40,0.7675,614,NULL,NULL,NULL,NULL
melbourne,1,4,35,1100,800,40,0.51375,411,NULL,NULL,NULL,NULL
melbourne,1,4,35,1300,800,40,0.35,280,NULL,NULL,NULL,NULL
melbourne,1,4,35,1500,800,40,0.17125,137,NULL,NULL,NULL,NULL
melbourne,1,4,35,2000,800,40,0.00125,1,NULL,NULL,NULL,NULL
melbourne,1,4,35,2500,800,40,0.0,0,NULL,NULL,NULL,NULL
melbourne,1,4,35,3000,800,40,0.0,0,NULL,NULL,NULL,NULL
melbourne,1,4,35,3500,800,40,0.0,0,NULL,NULL,NULL,NULL
melbourne,1,4,45,100,800,40,0.00625,5,NULL,NULL,NULL,NULL
melbourne,1,4,45,200,800,40,0.0125,10,NULL,NULL,NULL,NULL
melbourne,1,4,45,400,800,40,0.30875,247,NULL,NULL,NULL,NULL
melbourne,1,4,45,600,800,40,0.7275,582,NULL,NULL,NULL,NULL
melbourne,1,4,45,800,800,40,0.80125,641,NULL,NULL,NULL,NULL
melbourne,1,4,45,1100,800,40,0.55125,441,NULL,NULL,NULL,NULL
melbourne,1,4,45,1300,800,40,0.39125,313,NULL,NULL,NULL,NULL
melbourne,1,4,45,1500,800,40,0.18375,147,NULL,NULL,NULL,NULL
melbourne,1,4,45,2000,800,40,0.00125,1,NULL,NULL,NULL,NULL
melbourne,1,4,45,2500,800,40,0.0,0,NULL,NULL,NULL,NULL
melbourne,1,4,45,3000,800,40,0.0,0,NULL,NULL,NULL,NULL
melbourne,1,4,45,3500,800,40,0.0,0,NULL,NULL,NULL,NULL
melbourne,1,4,55,100,800,40,0.005,4,NULL,NULL,NULL,NULL
melbourne,1,4,55,200,800,40,0.00875,7,NULL,NULL,NULL,NULL
melbourne,1,4,55,400,800,40,0.22125,177,NULL,NULL,NULL,NULL
melbourne,1,4,55,600,800,40,0.70875,567,NULL,NULL,NULL,NULL
melbourne,1,4,55,800,800,40,0.78625,629,NULL,NULL,NULL,NULL
melbourne,1,4,55,1100,800,40,0.5875,470,NULL,NULL,NULL,NULL
melbourne,1,4,55,1300,800,40,0.40625,325,NULL,NULL,NULL,NULL
melbourne,1,4,55,1500,800,40,0.18375,147,NULL,NULL,NULL,NULL
melbourne,1,4,55,2000,800,40,0.00125,1,NULL,NULL,NULL,NULL
melbourne,1,4,55,2500,800,40,0.0,0,NULL,NULL,NULL,NULL
melbourne,1,4,55,3000,800,40,0.0,0,NULL,NULL,NULL,NULL
melbourne,1,4,55,3500,800,40,0.0,0,NULL,NULL,NULL,NULL
melbourne,1,4,65,100,800,40,0.00375,3,NULL,NULL,NULL,NULL
melbourne,1,4,65,200,800,40,0.00125,1,NULL,NULL,NULL,NULL
melbourne,1,4,65,400,800,40,0.15375,123,NULL,NULL,NULL,NULL
melbourne,1,4,65,600,800,40,0.565,452,NULL,NULL,NULL,NULL
melbourne,1,4,65,800,800,40,0.80375,643,NULL,NULL,NULL,NULL
melbourne,1,4,65,1100,800,40,0.62625,501,NULL,NULL,NULL,NULL
melbourne,1,4,65,1300,800,40,0.48,384,NULL,NULL,NULL,NULL
melbourne,1,4,65,1500,800,40,0.32,256,NULL,NULL,NULL,NULL
melbourne,1,4,65,2000,800,40,0.01375,11,NULL,NULL,NULL,NULL
melbourne,1,4,65,2500,800,40,0.0,0,NULL,NULL,NULL,NULL
melbourne,1,4,65,3000,800,40,0.0,0,NULL,NULL,NULL,NULL
melbourne,1,4,65,3500,800,40,0.0,0,NULL,NULL,NULL,NULL
melbourne,1,4,75,100,800,40,0.01,8,NULL,NULL,NULL,NULL
melbourne,1,4,75,200,800,40,0.0075,6,NULL,NULL,NULL,NULL
melbourne,1,4,75,400,800,40,0.1675,134,NULL,NULL,NULL,NULL
melbourne,1,4,75,600,800,40,0.5675,454,NULL,NULL,NULL,NULL
melbourne,1,4,75,800,800,40,0.81125,649,NULL,NULL,NULL,NULL
melbourne,1,4,75,1100,800,40,0.57375,459,NULL,NULL,NULL,NULL
melbourne,1,4,75,1300,800,40,0.38,304,NULL,NULL,NULL,NULL
melbourne,1,4,75,1500,800,40,0.16125,129,NULL,NULL,NULL,NULL
melbourne,1,4,75,2000,800,40,0.005,4,NULL,NULL,NULL,NULL
melbourne,1,4,75,2500,800,40,0.0025,2,NULL,NULL,NULL,NULL
melbourne,1,4,75,3000,800,40,0.0,0,NULL,NULL,NULL,NULL
melbourne,1,4,75,3500,800,40,0.0,0,NULL,NULL,NULL,NULL
melbourne,1,4,85,100,800,40,0.01,8,NULL,NULL,NULL,NULL
melbourne,1,4,85,200,800,40,0.00625,5,NULL,NULL,NULL,NULL
melbourne,1,4,85,400,800,40,0.13375,107,NULL,NULL,NULL,NULL
melbourne,1,4,85,600,800,40,0.5575,446,NULL,NULL,NULL,NULL
melbourne,1,4,85,800,800,40,0.81375,651,NULL,NULL,NULL,NULL
melbourne,1,4,85,1100,800,40,0.61,488,NULL,NULL,NULL,NULL
melbourne,1,4,85,1300,800,40,0.47,376,NULL,NULL,NULL,NULL
melbourne,1,4,85,1500,800,40,0.28125,225,NULL,NULL,NULL,NULL
melbourne,1,4,85,2000,800,40,0.02625,21,NULL,NULL,NULL,NULL
melbourne,1,4,85,2500,800,40,0.00375,3,NULL,NULL,NULL,NULL
melbourne,1,4,85,3000,800,40,0.0,0,NULL,NULL,NULL,NULL
melbourne,1,4,85,3500,800,40,0.0,0,NULL,NULL,NULL,NULL
melbourne,1,4,105,100,800,40,0.00625,5,NULL,NULL,NULL,NULL
melbourne,1,4,105,200,800,40,0.01125,9,NULL,NULL,NULL,NULL
melbourne,1,4,105,400,800,40,0.07875,63,NULL,NULL,NULL,NULL
melbourne,1,4,105,600,800,40,0.4875,390,NULL,NULL,NULL,NULL
melbourne,1,4,105,800,800,40,0.8175,654,NULL,NULL,NULL,NULL
melbourne,1,4,105,1100,800,40,0.6325,506,NULL,NULL,NULL,NULL
melbourne,1,4,105,1300,800,40,0.5025,402,NULL,NULL,NULL,NULL
melbourne,1,4,105,1500,800,40,0.35875,287,NULL,NULL,NULL,NULL
melbourne,1,4,105,2000,800,40,0.02875,23,NULL,NULL,NULL,NULL
melbourne,1,4,105,2500,800,40,0.0025,2,NULL,NULL,NULL,NULL
london,4,1,55,100,800,40,0.00625,5,NULL,NULL,NULL,NULL
london,4,1,55,200,800,40,0.0125,10,NULL,NULL,NULL,NULL
london,4,1,55,400,800,40,0.02125,17,NULL,NULL,NULL,NULL
london,4,1,55,600,800,40,0.03,24,NULL,NULL,NULL,NULL
london,4,1,55,800,800,40,0.05375,43,NULL,NULL,NULL,NULL
london,4,1,55,1100,800,40,0.16875,135,NULL,NULL,NULL,NULL
london,4,1,55,1300,800,40,0.375,300,NULL,NULL,NULL,NULL
london,4,1,55,1500,800,40,0.65125,521,NULL,NULL,NULL,NULL
london,4,1,55,2000,800,40,0.82,656,NULL,NULL,NULL,NULL
london,4,1,55,2500,800,40,0.88375,707,NULL,NULL,NULL,NULL
london,4,1,55,3000,800,40,0.92875,743,NULL,NULL,NULL,NULL
london,4,1,55,3500,800,40,0.9,720,NULL,NULL,NULL,NULL
london,4,2,55,100,800,40,0.01,8,NULL,NULL,NULL,NULL
london,4,2,55,200,800,40,0.005,4,NULL,NULL,NULL,NULL
london,4,2,55,400,800,40,0.035,28,NULL,NULL,NULL,NULL
london,4,2,55,600,800,40,0.0425,34,NULL,NULL,NULL,NULL
london,4,2,55,800,800,40,0.06125,49,NULL,NULL,NULL,NULL
london,4,2,55,1100,800,40,0.1625,130,NULL,NULL,NULL,NULL
london,4,2,55,1300,800,40,0.41,328,NULL,NULL,NULL,NULL
london,4,2,55,1500,800,40,0.665,532,NULL,NULL,NULL,NULL
london,4,2,55,2000,800,40,0.85375,683,NULL,NULL,NULL,NULL
london,4,2,55,2500,800,40,0.90375,723,NULL,NULL,NULL,NULL
london,4,2,55,3000,800,40,0.9025,722,NULL,NULL,NULL,NULL
london,4,2,55,3500,800,40,0.9025,722,NULL,NULL,NULL,NULL
london,4,3,55,100,800,40,0.00875,7,NULL,NULL,NULL,NULL
london,4,3,55,200,800,40,0.015,12,NULL,NULL,NULL,NULL
london,4,3,55,400,800,40,0.01,8,NULL,NULL,NULL,NULL
london,4,3,55,600,800,40,0.0275,22,NULL,NULL,NULL,NULL
london,4,3,55,800,800,40,0.06625,53,NULL,NULL,NULL,NULL
london,4,3,55,1100,800,40,0.17,136,NULL,NULL,NULL,NULL
london,4,3,55,1300,800,40,0.38375,307,NULL,NULL,NULL,NULL
london,4,3,55,1500,800,40,0.64125,513,NULL,NULL,NULL,NULL
london,4,3,55,2000,800,40,0.8625,690,NULL,NULL,NULL,NULL
london,4,3,55,2500,800,40,0.9175,734,NULL,NULL,NULL,NULL
london,4,3,55,3000,800,40,0.91125,729,NULL,NULL,NULL,NULL
london,4,3,55,3500,800,40,0.89125,713,NULL,NULL,NULL,NULL
london,4,4,55,100,800,40,0.0075,6,NULL,NULL,NULL,NULL
london,4,4,55,200,800,40,0.01125,9,NULL,NULL,NULL,NULL
london,4,4,55,400,800,40,0.02875,23,NULL,NULL,NULL,NULL
london,4,4,55,600,800,40,0.03875,31,NULL,NULL,NULL,NULL
london,4,4,55,800,800,40,0.05,40,NULL,NULL,NULL,NULL
london,4,4,55,1100,800,40,0.165,132,NULL,NULL,NULL,NULL
london,4,4,55,1300,800,40,0.3975,318,NULL,NULL,NULL,NULL
london,4,4,55,1500,800,40,0.66625,533,NULL,NULL,NULL,NULL
london,4,4,55,2000,800,40,0.845,676,NULL,NULL,NULL,NULL
london,4,4,55,2500,800,40,0.90375,723,NULL,NULL,NULL,NULL
london,4,4,55,3000,800,40,0.92625,741,NULL,NULL,NULL,NULL
london,4,4,55,3500,800,40,0.90375,723,NULL,NULL,NULL,NULL
london,4,5,55,100,800,40,0.01125,9,NULL,NULL,NULL,NULL
london,4,5,55,200,800,40,0.0175,14,NULL,NULL,NULL,NULL
london,4,5,55,400,800,40,0.02625,21,NULL,NULL,NULL,NULL
london,4,5,55,600,800,40,0.04125,33,NULL,NULL,NULL,NULL
london,4,5,55,800,800,40,0.0625,50,NULL,NULL,NULL,NULL
london,4,5,55,1100,800,40,0.17375,139,NULL,NULL,NULL,NULL
london,4,5,55,1300,800,40,0.3775,302,NULL,NULL,NULL,NULL
london,4,5,55,1500,800,40,0.6325,506,NULL,NULL,NULL,NULL
london,4,5,55,2000,800,40,0.86875,695,NULL,NULL,NULL,NULL
london,4,5,55,2500,800,40,0.92,736,NULL,NULL,NULL,NULL
london,4,5,55,3000,800,40,0.92375,739,NULL,NULL,NULL,NULL
london,4,5,55,3500,800,40,0.90625,725,NULL,NULL,NULL,NULL
london,4,6,55,100,800,40,0.005,4,NULL,NULL,NULL,NULL
london,4,6,55,200,800,40,0.00625,5,NULL,NULL,NULL,NULL
london,4,6,55,400,800,40,0.02375,19,NULL,NULL,NULL,NULL
london,4,6,55,600,800,40,0.03625,29,NULL,NULL,NULL,NULL
london,4,6,55,800,800,40,0.06125,49,NULL,NULL,NULL,NULL
london,4,6,55,1100,800,40,0.15875,127,NULL,NULL,NULL,NULL
london,4,6,55,1300,800,40,0.40375,323,NULL,NULL,NULL,NULL
london,4,6,55,1500,800,40,0.67625,541,NULL,NULL,NULL,NULL
london,4,6,55,2000,800,40,0.8575,686,NULL,NULL,NULL,NULL
london,4,6,55,2500,800,40,0.9,720,NULL,NULL,NULL,NULL
london,4,6,55,3000,800,40,0.93625,749,NULL,NULL,NULL,NULL
london,4,6,55,3500,800,40,0.9025,722,NULL,NULL,NULL,NULL
london,4,7,55,100,800,40,0.01375,11,NULL,NULL,NULL,NULL
london,4,7,55,200,800,40,0.015,12,NULL,NULL,NULL,NULL
london,4,7,55,400,800,40,0.0425,34,NULL,NULL,NULL,NULL
london,4,7,55,600,800,40,0.04375,35,NULL,NULL,NULL,NULL
london,4,7,55,800,800,40,0.06,48,NULL,NULL,NULL,NULL
london,4,7,55,1100,800,40,0.18375,147,NULL,NULL,NULL,NULL
london,4,7,55,1300,800,40,0.40125,321,NULL,NULL,NULL,NULL
london,4,7,55,1500,800,40,0.69875,559,NULL,NULL,NULL,NULL
london,4,7,55,2000,800,40,0.84875,679,NULL,NULL,NULL,NULL
london,4,7,55,2500,800,40,0.92125,737,NULL,NULL,NULL,NULL
london,4,7,55,3000,800,40,0.945,756,NULL,NULL,NULL,NULL
london,4,7,55,3500,800,40,0.92625,741,NULL,NULL,NULL,NULL
london,4,8,55,100,800,40,0.00625,5,NULL,NULL,NULL,NULL
london,4,8,55,200,800,40,0.01125,9,NULL,NULL,NULL,NULL
london,4,8,55,400,800,40,0.01875,15,NULL,NULL,NULL,NULL
london,4,8,55,600,800,40,0.03625,29,NULL,NULL,NULL,NULL
london,4,8,55,800,800,40,0.05625,45,NULL,NULL,NULL,NULL
london,4,8,55,1100,800,40,0.17625,141,NULL,NULL,NULL,NULL
london,4,8,55,1300,800,40,0.3675,294,NULL,NULL,NULL,NULL
london,4,8,55,1500,800,40,0.66625,533,NULL,NULL,NULL,NULL
london,4,8,55,2000,800,40,0.84625,677,NULL,NULL,NULL,NULL
london,4,8,55,2500,800,40,0.9175,734,NULL,NULL,NULL,NULL
london,4,8,55,3000,800,40,0.92625,741,NULL,NULL,NULL,NULL
london,4,8,55,3500,800,40,0.92875,743,NULL,NULL,NULL,NULL
london,1,1,55,100,800,40,0.005,4,NULL,NULL,NULL,NULL
london,1,1,55,200,800,40,0.00625,5,NULL,NULL,NULL,NULL
london,1,1,55,400,800,40,0.01125,9,NULL,NULL,NULL,NULL
london,1,1,55,600,800,40,0.04125,33,NULL,NULL,NULL,NULL
london,1,1,55,800,800,40,0.1275,102,NULL,NULL,NULL,NULL
london,1,1,55,1100,800,40,0.4175,334,NULL,NULL,NULL,NULL
london,1,1,55,1300,800,40,0.64875,519,NULL,NULL,NULL,NULL
london,1,1,55,1500,800,40,0.78875,631,NULL,NULL,NULL,NULL
london,1,1,55,2000,800,40,0.8275,662,NULL,NULL,NULL,NULL
london,1,1,55,2500,800,40,0.80625,645,NULL,NULL,NULL,NULL
london,1,1,55,3000,800,40,0.72375,579,NULL,NULL,NULL,NULL
london,1,1,55,3500,800,40,0.6,480,NULL,NULL,NULL,NULL
london,2,1,55,100,800,40,0.01,8,NULL,NULL,NULL,NULL
london,2,1,55,200,800,40,0.00875,7,NULL,NULL,NULL,NULL
london,2,1,55,400,800,40,0.01625,13,NULL,NULL,NULL,NULL
london,2,1,55,600,800,40,0.02375,19,NULL,NULL,NULL,NULL
london,2,1,55,800,800,40,0.09,72,NULL,NULL,NULL,NULL
london,2,1,55,1100,800,40,0.315,252,NULL,NULL,NULL,NULL
london,2,1,55,1300,800,40,0.5775,462,NULL,NULL,NULL,NULL
london,2,1,55,1500,800,40,0.77875,623,NULL,NULL,NULL,NULL
london,2,1,55,2000,800,40,0.8425,674,NULL,NULL,NULL,NULL
london,2,1,55,2500,800,40,0.88125,705,NULL,NULL,NULL,NULL
london,2,1,55,3000,800,40,0.86,688,NULL,NULL,NULL,NULL
london,2,1,55,3500,800,40,0.79125,633,NULL,NULL,NULL,NULL
london,3,1,55,100,800,40,0.01,8,NULL,NULL,NULL,NULL
london,3,1,55,200,800,40,0.00875,7,NULL,NULL,NULL,NULL
london,3,1,55,400,800,40,0.01875,15,NULL,NULL,NULL,NULL
london,3,1,55,600,800,40,0.0275,22,NULL,NULL,NULL,NULL
london,3,1,55,800,800,40,0.06125,49,NULL,NULL,NULL,NULL
london,3,1,55,1100,800,40,0.19375,155,NULL,NULL,NULL,NULL
london,3,1,55,1300,800,40,0.465,372,NULL,NULL,NULL,NULL
london,3,1,55,1500,800,40,0.70375,563,NULL,NULL,NULL,NULL
london,3,1,55,2000,800,40,0.8525,682,NULL,NULL,NULL,NULL
london,3,1,55,2500,800,40,0.8775,702,NULL,NULL,NULL,NULL
london,3,1,55,3000,800,40,0.8725,698,NULL,NULL,NULL,NULL
london,3,1,55,3500,800,40,0.8525,682,NULL,NULL,NULL,NULL
london,4,1,55,100,800,40,0.00375,3,NULL,NULL,NULL,NULL
london,4,1,55,200,800,40,0.0175,14,NULL,NULL,NULL,NULL
london,4,1,55,400,800,40,0.0225,18,NULL,NULL,NULL,NULL
london,4,1,55,600,800,40,0.0325,26,NULL,NULL,NULL,NULL
london,4,1,55,800,800,40,0.03875,31,NULL,NULL,NULL,NULL
london,4,1,55,1100,800,40,0.14375,115,NULL,NULL,NULL,NULL
london,4,1,55,1300,800,40,0.39,312,NULL,NULL,NULL,NULL
london,4,1,55,1500,800,40,0.64625,517,NULL,NULL,NULL,NULL
london,4,1,55,2000,800,40,0.85375,683,NULL,NULL,NULL,NULL
london,4,1,55,2500,800,40,0.8925,714,NULL,NULL,NULL,NULL
london,4,1,55,3000,800,40,0.895,716,NULL,NULL,NULL,NULL
london,4,1,55,3500,800,40,0.8775,702,NULL,NULL,NULL,NULL
london,5,1,55,100,800,40,0.00625,5,NULL,NULL,NULL,NULL
london,5,1,55,200,800,40,0.005,4,NULL,NULL,NULL,NULL
london,5,1,55,400,800,40,0.02125,17,NULL,NULL,NULL,NULL
london,5,1,55,600,800,40,0.03625,29,NULL,NULL,NULL,NULL
london,5,1,55,800,800,40,0.05125,41,NULL,NULL,NULL,NULL
london,5,1,55,1100,800,40,0.11125,89,NULL,NULL,NULL,NULL
london,5,1,55,1300,800,40,0.28875,231,NULL,NULL,NULL,NULL
london,5,1,55,1500,800,40,0.54375,435,NULL,NULL,NULL,NULL
london,5,1,55,2000,800,40,0.82125,657,NULL,NULL,NULL,NULL
london,5,1,55,2500,800,40,0.885,708,NULL,NULL,NULL,NULL
london,5,1,55,3000,800,40,0.91625,733,NULL,NULL,NULL,NULL
london,5,1,55,3500,800,40,0.915,732,NULL,NULL,NULL,NULL
london,6,1,55,100,800,40,0.0125,10,NULL,NULL,NULL,NULL
london,6,1,55,200,800,40,0.01375,11,NULL,NULL,NULL,NULL
london,6,1,55,400,800,40,0.0225,18,NULL,NULL,NULL,NULL
london,6,1,55,600,800,40,0.035,28,NULL,NULL,NULL,NULL
london,6,1,55,800,800,40,0.05125,41,NULL,NULL,NULL,NULL
london,6,1,55,1100,800,40,0.09,72,NULL,NULL,NULL,NULL
london,6,1,55,1300,800,40,0.20625,165,NULL,NULL,NULL,NULL
london,6,1,55,1500,800,40,0.45125,361,NULL,NULL,NULL,NULL
london,6,1,55,2000,800,40,0.7325,586,NULL,NULL,NULL,NULL
london,6,1,55,2500,800,40,0.8725,698,NULL,NULL,NULL,NULL
london,6,1,55,3000,800,40,0.92375,739,NULL,NULL,NULL,NULL
london,6,1,55,3500,800,40,0.9125,730,NULL,NULL,NULL,NULL
london,7,1,55,100,800,40,0.005,4,NULL,NULL,NULL,NULL
london,7,1,55,200,800,40,0.0075,6,NULL,NULL,NULL,NULL
london,7,1,55,400,800,40,0.03,24,NULL,NULL,NULL,NULL
london,7,1,55,600,800,40,0.02875,23,NULL,NULL,NULL,NULL
london,7,1,55,800,800,40,0.03875,31,NULL,NULL,NULL,NULL
london,7,1,55,1100,800,40,0.05875,47,NULL,NULL,NULL,NULL
london,7,1,55,1300,800,40,0.15125,121,NULL,NULL,NULL,NULL
london,7,1,55,1500,800,40,0.3325,266,NULL,NULL,NULL,NULL
london,7,1,55,2000,800,40,0.7025,562,NULL,NULL,NULL,NULL
london,7,1,55,2500,800,40,0.86375,691,NULL,NULL,NULL,NULL
london,7,1,55,3000,800,40,0.9225,738,NULL,NULL,NULL,NULL
london,7,1,55,3500,800,40,0.91875,735,NULL,NULL,NULL,NULL
london,8,1,55,100,800,40,0.00625,5,NULL,NULL,NULL,NULL
london,8,1,55,200,800,40,0.00375,3,NULL,NULL,NULL,NULL
london,8,1,55,400,800,40,0.0275,22,NULL,NULL,NULL,NULL
london,8,1,55,600,800,40,0.02875,23,NULL,NULL,NULL,NULL
london,8,1,55,800,800,40,0.04,32,NULL,NULL,NULL,NULL
london,8,1,55,1100,800,40,0.06,48,NULL,NULL,NULL,NULL
london,8,1,55,1300,800,40,0.12875,103,NULL,NULL,NULL,NULL
london,8,1,55,1500,800,40,0.25125,201,NULL,NULL,NULL,NULL
london,8,1,55,2000,800,40,0.62,496,NULL,NULL,NULL,NULL
london,8,1,55,2500,800,40,0.79125,633,NULL,NULL,NULL,NULL
london,8,1,55,3000,800,40,0.9175,734,NULL,NULL,NULL,NULL
london,8,1,55,3500,800,40,0.92375,739,NULL,NULL,NULL,NULL
madrid,4,1,55,100,800,40,0.01125,9,NULL,NULL,NULL,NULL
madrid,4,1,55,200,800,40,0.01,8,NULL,NULL,NULL,NULL
madrid,4,1,55,400,800,40,0.01,8,NULL,NULL,NULL,NULL
madrid,4,1,55,600,800,40,0.025,20,NULL,NULL,NULL,NULL
madrid,4,1,55,800,800,40,0.05625,45,NULL,NULL,NULL,NULL
madrid,4,1,55,1100,800,40,0.0775,62,NULL,NULL,NULL,NULL
madrid,4,1,55,1300,800,40,0.1,80,NULL,NULL,NULL,NULL
madrid,4,1,55,1500,800,40,0.215,172,NULL,NULL,NULL,NULL
madrid,4,1,55,2000,800,40,0.4575,366,NULL,NULL,NULL,NULL
madrid,4,1,55,2500,800,40,0.605,484,NULL,NULL,NULL,NULL
madrid,4,1,55,3000,800,40,0.72125,577,NULL,NULL,NULL,NULL
madrid,4,1,55,3500,800,40,0.7775,622,NULL,NULL,NULL,NULL
madrid,4,2,55,100,800,40,0.0075,6,NULL,NULL,NULL,NULL
madrid,4,2,55,200,800,40,0.00875,7,NULL,NULL,NULL,NULL
madrid,4,2,55,400,800,40,0.0075,6,NULL,NULL,NULL,NULL
madrid,4,2,55,600,800,40,0.03625,29,NULL,NULL,NULL,NULL
madrid,4,2,55,800,800,40,0.05625,45,NULL,NULL,NULL,NULL
madrid,4,2,55,1100,800,40,0.075,60,NULL,NULL,NULL,NULL
madrid,4,2,55,1300,800,40,0.11625,93,NULL,NULL,NULL,NULL
madrid,4,2,55,1500,800,40,0.22,176,NULL,NULL,NULL,NULL
madrid,4,2,55,2000,800,40,0.49125,393,NULL,NULL,NULL,NULL
madrid,4,2,55,2500,800,40,0.635,508,NULL,NULL,NULL,NULL
madrid,4,2,55,3000,800,40,0.71125,569,NULL,NULL,NULL,NULL
madrid,4,2,55,3500,800,40,0.79,632,NULL,NULL,NULL,NULL
madrid,4,3,55,100,800,40,0.00625,5,NULL,NULL,NULL,NULL
madrid,4,3,55,200,800,40,0.005,4,NULL,NULL,NULL,NULL
madrid,4,3,55,400,800,40,0.0075,6,NULL,NULL,NULL,NULL
madrid,4,3,55,600,800,40,0.0225,18,NULL,NULL,NULL,NULL
madrid,4,3,55,800,800,40,0.0475,38,NULL,NULL,NULL,NULL
madrid,4,3,55,1100,800,40,0.07875,63,NULL,NULL,NULL,NULL
madrid,4,3,55,1300,800,40,0.11,88,NULL,NULL,NULL,NULL
madrid,4,3,55,1500,800,40,0.1975,158,NULL,NULL,NULL,NULL
madrid,4,3,55,2000,800,40,0.4775,382,NULL,NULL,NULL,NULL
madrid,4,3,55,2500,800,40,0.6025,482,NULL,NULL,NULL,NULL
madrid,4,3,55,3000,800,40,0.7175,574,NULL,NULL,NULL,NULL
madrid,4,3,55,3500,800,40,0.78,624,NULL,NULL,NULL,NULL
madrid,4,4,55,100,800,40,0.00625,5,NULL,NULL,NULL,NULL
madrid,4,4,55,200,800,40,0.005,4,NULL,NULL,NULL,NULL
madrid,4,4,55,400,800,40,0.00625,5,NULL,NULL,NULL,NULL
madrid,4,4,55,600,800,40,0.0175,14,NULL,NULL,NULL,NULL
madrid,4,4,55,800,800,40,0.045,36,NULL,NULL,NULL,NULL
madrid,4,4,55,1100,800,40,0.08,64,NULL,NULL,NULL,NULL
madrid,4,4,55,1300,800,40,0.1175,94,NULL,NULL,NULL,NULL
madrid,4,4,55,1500,800,40,0.23375,187,NULL,NULL,NULL,NULL
madrid,4,4,55,2000,800,40,0.50875,407,NULL,NULL,NULL,NULL
madrid,4,4,55,2500,800,40,0.62625,501,NULL,NULL,NULL,NULL
madrid,4,4,55,3000,800,40,0.6775,542,NULL,NULL,NULL,NULL
madrid,4,4,55,3500,800,40,0.76625,613,NULL,NULL,NULL,NULL
madrid,4,5,55,100,800,40,0.00875,7,NULL,NULL,NULL,NULL
madrid,4,5,55,200,800,40,0.00375,3,NULL,NULL,NULL,NULL
madrid,4,5,55,400,800,40,0.0075,6,NULL,NULL,NULL,NULL
madrid,4,5,55,600,800,40,0.01625,13,NULL,NULL,NULL,NULL
madrid,4,5,55,800,800,40,0.04875,39,NULL,NULL,NULL,NULL
madrid,4,5,55,1100,800,40,0.09125,73,NULL,NULL,NULL,NULL
madrid,4,5,55,1300,800,40,0.1275,102,NULL,NULL,NULL,NULL
madrid,4,5,55,1500,800,40,0.215,172,NULL,NULL,NULL,NULL
madrid,4,5,55,2000,800,40,0.485,388,NULL,NULL,NULL,NULL
madrid,4,5,55,2500,800,40,0.635,508,NULL,NULL,NULL,NULL
madrid,4,5,55,3000,800,40,0.7,560,NULL,NULL,NULL,NULL
madrid,4,5,55,3500,800,40,0.7525,602,NULL,NULL,NULL,NULL
madrid,4,6,55,100,800,40,0.005,4,NULL,NULL,NULL,NULL
madrid,4,6,55,200,800,40,0.0025,2,NULL,NULL,NULL,NULL
madrid,4,6,55,400,800,40,0.01,8,NULL,NULL,NULL,NULL
madrid,4,6,55,600,800,40,0.0225,18,NULL,NULL,NULL,NULL
madrid,4,6,55,800,800,40,0.05875,47,NULL,NULL,NULL,NULL
madrid,4,6,55,1100,800,40,0.08875,71,NULL,NULL,NULL,NULL
madrid,4,6,55,1300,800,40,0.11625,93,NULL,NULL,NULL,NULL
madrid,4,6,55,1500,800,40,0.215,172,NULL,NULL,NULL,NULL
madrid,4,6,55,2000,800,40,0.46375,371,NULL,NULL,NULL,NULL
madrid,4,6,55,2500,800,40,0.61375,491,NULL,NULL,NULL,NULL
madrid,4,6,55,3000,800,40,0.70625,565,NULL,NULL,NULL,NULL
madrid,4,6,55,3500,800,40,0.75125,601,NULL,NULL,NULL,NULL
madrid,4,7,55,100,800,40,0.005,4,NULL,NULL,NULL,NULL
madrid,4,7,55,200,800,40,0.0075,6,NULL,NULL,NULL,NULL
madrid,4,7,55,400,800,40,0.0175,14,NULL,NULL,NULL,NULL
madrid,4,7,55,600,800,40,0.0175,14,NULL,NULL,NULL,NULL
madrid,4,7,55,800,800,40,0.05125,41,NULL,NULL,NULL,NULL
madrid,4,7,55,1100,800,40,0.0875,70,NULL,NULL,NULL,NULL
madrid,4,7,55,1300,800,40,0.11875,95,NULL,NULL,NULL,NULL
madrid,4,7,55,1500,800,40,0.23375,187,NULL,NULL,NULL,NULL
madrid,4,7,55,2000,800,40,0.47875,383,NULL,NULL,NULL,NULL
madrid,4,7,55,2500,800,40,0.62375,499,NULL,NULL,NULL,NULL
madrid,4,7,55,3000,800,40,0.72125,577,NULL,NULL,NULL,NULL
madrid,4,7,55,3500,800,40,0.77,616,NULL,NULL,NULL,NULL
madrid,4,8,55,100,800,40,0.01375,11,NULL,NULL,NULL,NULL
madrid,4,8,55,200,800,40,0.00875,7,NULL,NULL,NULL,NULL
madrid,4,8,55,400,800,40,0.00875,7,NULL,NULL,NULL,NULL
madrid,4,8,55,600,800,40,0.025,20,NULL,NULL,NULL,NULL
madrid,4,8,55,800,800,40,0.05,40,NULL,NULL,NULL,NULL
madrid,4,8,55,1100,800,40,0.1025,82,NULL,NULL,NULL,NULL
madrid,4,8,55,1300,800,40,0.1125,90,NULL,NULL,NULL,NULL
madrid,4,8,55,1500,800,40,0.2225,178,NULL,NULL,NULL,NULL
madrid,4,8,55,2000,800,40,0.5025,402,NULL,NULL,NULL,NULL
madrid,4,8,55,2500,800,40,0.615,492,NULL,NULL,NULL,NULL
madrid,4,8,55,3000,800,40,0.69,552,NULL,NULL,NULL,NULL
madrid,4,8,55,3500,800,40,0.77,616,NULL,NULL,NULL,NULL
madrid,1,1,55,100,800,40,0.0025,2,NULL,NULL,NULL,NULL
madrid,1,1,55,200,800,40,0.00375,3,NULL,NULL,NULL,NULL
madrid,1,1,55,400,800,40,0.02875,23,NULL,NULL,NULL,NULL
madrid,1,1,55,600,800,40,0.06875,55,NULL,NULL,NULL,NULL
madrid,1,1,55,800,800,40,0.11625,93,NULL,NULL,NULL,NULL
madrid,1,1,55,1100,800,40,0.165,132,NULL,NULL,NULL,NULL
madrid,1,1,55,1300,800,40,0.225,180,NULL,NULL,NULL,NULL
madrid,1,1,55,1500,800,40,0.3475,278,NULL,NULL,NULL,NULL
madrid,1,1,55,2000,800,40,0.55,440,NULL,NULL,NULL,NULL
madrid,1,1,55,2500,800,40,0.62375,499,NULL,NULL,NULL,NULL
madrid,1,1,55,3000,800,40,0.65125,521,NULL,NULL,NULL,NULL
madrid,1,1,55,3500,800,40,0.605,484,NULL,NULL,NULL,NULL
madrid,2,1,55,100,800,40,0.00125,1,NULL,NULL,NULL,NULL
madrid,2,1,55,200,800,40,0.00125,1,NULL,NULL,NULL,NULL
madrid,2,1,55,400,800,40,0.01,8,NULL,NULL,NULL,NULL
madrid,2,1,55,600,800,40,0.04375,35,NULL,NULL,NULL,NULL
madrid,2,1,55,800,800,40,0.0875,70,NULL,NULL,NULL,NULL
madrid,2,1,55,1100,800,40,0.1225,98,NULL,NULL,NULL,NULL
madrid,2,1,55,1300,800,40,0.19375,155,NULL,NULL,NULL,NULL
madrid,2,1,55,1500,800,40,0.27125,217,NULL,NULL,NULL,NULL
madrid,2,1,55,2000,800,40,0.5875,470,NULL,NULL,NULL,NULL
madrid,2,1,55,2500,800,40,0.6725,538,NULL,NULL,NULL,NULL
madrid,2,1,55,3000,800,40,0.7475,598,NULL,NULL,NULL,NULL
madrid,2,1,55,3500,800,40,0.7875,630,NULL,NULL,NULL,NULL
madrid,3,1,55,100,800,40,0.005,4,NULL,NULL,NULL,NULL
madrid,3,1,55,200,800,40,0.00375,3,NULL,NULL,NULL,NULL
madrid,3,1,55,400,800,40,0.01,8,NULL,NULL,NULL,NULL
madrid,3,1,55,600,800,40,0.0325,26,NULL,NULL,NULL,NULL
madrid,3,1,55,800,800,40,0.0725,58,NULL,NULL,NULL,NULL
madrid,3,1,55,1100,800,40,0.1075,86,NULL,NULL,NULL,NULL
madrid,3,1,55,1300,800,40,0.15125,121,NULL,NULL,NULL,NULL
madrid,3,1,55,1500,800,40,0.255,204,NULL,NULL,NULL,NULL
madrid,3,1,55,2000,800,40,0.54375,435,NULL,NULL,NULL,NULL
madrid,3,1,55,2500,800,40,0.66,528,NULL,NULL,NULL,NULL
madrid,3,1,55,3000,800,40,0.73625,589,NULL,NULL,NULL,NULL
madrid,3,1,55,3500,800,40,0.79,632,NULL,NULL,NULL,NULL
madrid,4,1,55,100,800,40,0.0075,6,NULL,NULL,NULL,NULL
madrid,4,1,55,200,800,40,0.01,8,NULL,NULL,NULL,NULL
madrid,4,1,55,400,800,40,0.01,8,NULL,NULL,NULL,NULL
madrid,4,1,55,600,800,40,0.02,16,NULL,NULL,NULL,NULL
madrid,4,1,55,800,800,40,0.055,44,NULL,NULL,NULL,NULL
madrid,4,1,55,1100,800,40,0.1025,82,NULL,NULL,NULL,NULL
madrid,4,1,55,1300,800,40,0.1275,102,NULL,NULL,NULL,NULL
madrid,4,1,55,1500,800,40,0.1975,158,NULL,NULL,NULL,NULL
madrid,4,1,55,2000,800,40,0.4775,382,NULL,NULL,NULL,NULL
madrid,4,1,55,2500,800,40,0.6425,514,NULL,NULL,NULL,NULL
madrid,4,1,55,3000,800,40,0.68125,545,NULL,NULL,NULL,NULL
madrid,4,1,55,3500,800,40,0.76375,611,NULL,NULL,NULL,NULL
madrid,5,1,55,100,800,40,0.00875,7,NULL,NULL,NULL,NULL
madrid,5,1,55,200,800,40,0.00625,5,NULL,NULL,NULL,NULL
madrid,5,1,55,400,800,40,0.005,4,NULL,NULL,NULL,NULL
madrid,5,1,55,600,800,40,0.01125,9,NULL,NULL,NULL,NULL
madrid,5,1,55,800,800,40,0.03,24,NULL,NULL,NULL,NULL
madrid,5,1,55,1100,800,40,0.05,40,NULL,NULL,NULL,NULL
madrid,5,1,55,1300,800,40,0.095,76,NULL,NULL,NULL,NULL
madrid,5,1,55,1500,800,40,0.17375,139,NULL,NULL,NULL,NULL
madrid,5,1,55,2000,800,40,0.46875,375,NULL,NULL,NULL,NULL
madrid,5,1,55,2500,800,40,0.54875,439,NULL,NULL,NULL,NULL
madrid,5,1,55,3000,800,40,0.68625,549,NULL,NULL,NULL,NULL
madrid,5,1,55,3500,800,40,0.74,592,NULL,NULL,NULL,NULL
madrid,6,1,55,100,800,40,0.0075,6,NULL,NULL,NULL,NULL
madrid,6,1,55,200,800,40,0.01125,9,NULL,NULL,NULL,NULL
madrid,6,1,55,400,800,40,0.005,4,NULL,NULL,NULL,NULL
madrid,6,1,55,600,800,40,0.00875,7,NULL,NULL,NULL,NULL
madrid,6,1,55,800,800,40,0.03,24,NULL,NULL,NULL,NULL
madrid,6,1,55,1100,800,40,0.04375,35,NULL,NULL,NULL,NULL
madrid,6,1,55,1300,800,40,0.0725,58,NULL,NULL,NULL,NULL
madrid,6,1,55,1500,800,40,0.135,108,NULL,NULL,NULL,NULL
madrid,6,1,55,2000,800,40,0.38375,307,NULL,NULL,NULL,NULL
madrid,6,1,55,2500,800,40,0.53125,425,NULL,NULL,NULL,NULL
madrid,6,1,55,3000,800,40,0.64,512,NULL,NULL,NULL,NULL
madrid,6,1,55,3500,800,40,0.68875,551,NULL,NULL,NULL,NULL
madrid,7,1,55,100,800,40,0.01125,9,NULL,NULL,NULL,NULL
madrid,7,1,55,200,800,40,0.0075,6,NULL,NULL,NULL,NULL
madrid,7,1,55,400,800,40,0.0075,6,NULL,NULL,NULL,NULL
madrid,7,1,55,600,800,40,0.01,8,NULL,NULL,NULL,NULL
madrid,7,1,55,800,800,40,0.01375,11,NULL,NULL,NULL,NULL
madrid,7,1,55,1100,800,40,0.03625,29,NULL,NULL,NULL,NULL
madrid,7,1,55,1300,800,40,0.06375,51,NULL,NULL,NULL,NULL
madrid,7,1,55,1500,800,40,0.10375,83,NULL,NULL,NULL,NULL
madrid,7,1,55,2000,800,40,0.3475,278,NULL,NULL,NULL,NULL
madrid,7,1,55,2500,800,40,0.49,392,NULL,NULL,NULL,NULL
madrid,7,1,55,3000,800,40,0.56375,451,NULL,NULL,NULL,NULL
madrid,7,1,55,3500,800,40,0.65625,525,NULL,NULL,NULL,NULL
madrid,8,1,55,100,800,40,0.0075,6,NULL,NULL,NULL,NULL
madrid,8,1,55,200,800,40,0.00125,1,NULL,NULL,NULL,NULL
madrid,8,1,55,400,800,40,0.0075,6,NULL,NULL,NULL,NULL
madrid,8,1,55,600,800,40,0.0075,6,NULL,NULL,NULL,NULL
madrid,8,1,55,800,800,40,0.01625,13,NULL,NULL,NULL,NULL
madrid,8,1,55,1100,800,40,0.03375,27,NULL,NULL,NULL,NULL
madrid,8,1,55,1300,800,40,0.05625,45,NULL,NULL,NULL,NULL
madrid,8,1,55,1500,800,40,0.105,84,NULL,NULL,NULL,NULL
madrid,8,1,55,2000,800,40,0.32125,257,NULL,NULL,NULL,NULL
madrid,8,1,55,2500,800,40,0.44125,353,NULL,NULL,NULL,NULL
madrid,8,1,55,3000,800,40,0.515,412,NULL,NULL,NULL,NULL
madrid,8,1,55,3500,800,40,0.61875,495,NULL,NULL,NULL,NULL
melbourne,4,1,55,100,800,40,0.01125,9,NULL,NULL,NULL,NULL
melbourne,4,1,55,200,800,40,0.0075,6,NULL,NULL,NULL,NULL
melbourne,4,1,55,400,800,40,0.04,32,NULL,NULL,NULL,NULL
melbourne,4,1,55,600,800,40,0.445,356,NULL,NULL,NULL,NULL
melbourne,4,1,55,800,800,40,0.89875,719,NULL,NULL,NULL,NULL
melbourne,4,1,55,1100,800,40,0.8,640,NULL,NULL,NULL,NULL
melbourne,4,1,55,1300,800,40,0.6425,514,NULL,NULL,NULL,NULL
melbourne,4,1,55,1500,800,40,0.41,328,NULL,NULL,NULL,NULL
melbourne,4,1,55,2000,800,40,0.02125,17,NULL,NULL,NULL,NULL
melbourne,4,1,55,2500,800,40,0.0,0,NULL,NULL,NULL,NULL
melbourne,4,1,55,3000,800,40,0.0,0,NULL,NULL,NULL,NULL
melbourne,4,1,55,3500,800,40,0.0,0,NULL,NULL,NULL,NULL
melbourne,4,2,55,100,800,40,0.01,8,NULL,NULL,NULL,NULL
melbourne,4,2,55,200,800,40,0.00875,7,NULL,NULL,NULL,NULL
melbourne,4,2,55,400,800,40,0.055,44,NULL,NULL,NULL,NULL
melbourne,4,2,55,600,800,40,0.43125,345,NULL,NULL,NULL,NULL
melbourne,4,2,55,800,800,40,0.92875,743,NULL,NULL,NULL,NULL
melbourne,4,2,55,1100,800,40,0.80625,645,NULL,NULL,NULL,NULL
melbourne,4,2,55,1300,800,40,0.625,500,NULL,NULL,NULL,NULL
melbourne,4,2,55,1500,800,40,0.43625,349,NULL,NULL,NULL,NULL
melbourne,4,2,55,2000,800,40,0.01875,15,NULL,NULL,NULL,NULL
melbourne,4,2,55,2500,800,40,0.0,0,NULL,NULL,NULL,NULL
melbourne,4,2,55,3000,800,40,0.0,0,NULL,NULL,NULL,NULL
melbourne,4,2,55,3500,800,40,0.0,0,NULL,NULL,NULL,NULL
melbourne,4,3,55,100,800,40,0.015,12,NULL,NULL,NULL,NULL
melbourne,4,3,55,200,800,40,0.015,12,NULL,NULL,NULL,NULL
melbourne,4,3,55,400,800,40,0.03875,31,NULL,NULL,NULL,NULL
melbourne,4,3,55,600,800,40,0.4625,370,NULL,NULL,NULL,NULL
melbourne,4,3,55,800,800,40,0.94875,759,NULL,NULL,NULL,NULL
melbourne,4,3,55,1100,800,40,0.815,652,NULL,NULL,NULL,NULL
melbourne,4,3,55,1300,800,40,0.65125,521,NULL,NULL,NULL,NULL
melbourne,4,3,55,1500,800,40,0.44125,353,NULL,NULL,NULL,NULL
melbourne,4,3,55,2000,800,40,0.01375,11,NULL,NULL,NULL,NULL
melbourne,4,3,55,2500,800,40,0.0,0,NULL,NULL,NULL,NULL
melbourne,4,3,55,3000,800,40,0.0,0,NULL,NULL,NULL,NULL
melbourne,4,3,55,3500,800,40,0.0,0,NULL,NULL,NULL,NULL
melbourne,4,4,55,100,800,40,0.01375,11,NULL,NULL,NULL,NULL
melbourne,4,4,55,200,800,40,0.00875,7,NULL,NULL,NULL,NULL
melbourne,4,4,55,400,800,40,0.04125,33,NULL,NULL,NULL,NULL
melbourne,4,4,55,600,800,40,0.4525,362,NULL,NULL,NULL,NULL
melbourne,4,4,55,800,800,40,0.95,760,NULL,NULL,NULL,NULL
melbourne,4,4,55,1100,800,40,0.815,652,NULL,NULL,NULL,NULL
melbourne,4,4,55,1300,800,40,0.68125,545,NULL,NULL,NULL,NULL
melbourne,4,4,55,1500,800,40,0.44375,355,NULL,NULL,NULL,NULL
melbourne,4,4,55,2000,800,40,0.02875,23,NULL,NULL,NULL,NULL
melbourne,4,4,55,2500,800,40,0.0,0,NULL,NULL,NULL,NULL
melbourne,4,4,55,3000,800,40,0.0,0,NULL,NULL,NULL,NULL
melbourne,4,4,55,3500,800,40,0.0,0,NULL,NULL,NULL,NULL
melbourne,4,5,55,100,800,40,0.01375,11,NULL,NULL,NULL,NULL
melbourne,4,5,55,200,800,40,0.01625,13,NULL,NULL,NULL,NULL
melbourne,4,5,55,400,800,40,0.05625,45,NULL,NULL,NULL,NULL
melbourne,4,5,55,600,800,40,0.4775,382,NULL,NULL,NULL,NULL
melbourne,4,5,55,800,800,40,0.93625,749,NULL,NULL,NULL,NULL
melbourne,4,5,55,1100,800,40,0.8475,678,NULL,NULL,NULL,NULL
melbourne,4,5,55,1300,800,40,0.65625,525,NULL,NULL,NULL,NULL
melbourne,4,5,55,1500,800,40,0.4325,346,NULL,NULL,NULL,NULL
melbourne,4,5,55,2000,800,40,0.03125,25,NULL,NULL,NULL,NULL
melbourne,4,5,55,2500,800,40,0.0,0,NULL,NULL,NULL,NULL
melbourne,4,5,55,3000,800,40,0.0,0,NULL,NULL,NULL,NULL
melbourne,4,5,55,3500,800,40,0.0,0,NULL,NULL,NULL,NULL
melbourne,4,6,55,100,800,40,0.015,12,NULL,NULL,NULL,NULL
melbourne,4,6,55,200,800,40,0.01375,11,NULL,NULL,NULL,NULL
melbourne,4,6,55,400,800,40,0.05125,41,NULL,NULL,NULL,NULL
melbourne,4,6,55,600,800,40,0.44375,355,NULL,NULL,NULL,NULL
melbourne,4,6,55,800,800,40,0.93875,751,NULL,NULL,NULL,NULL
melbourne,4,6,55,1100,800,40,0.8475,678,NULL,NULL,NULL,NULL
melbourne,4,6,55,1300,800,40,0.67625,541,NULL,NULL,NULL,NULL
melbourne,4,6,55,1500,800,40,0.435,348,NULL,NULL,NULL,NULL
melbourne,4,6,55,2000,800,40,0.03,24,NULL,NULL,NULL,NULL
melbourne,4,6,55,2500,800,40,0.0,0,NULL,NULL,NULL,NULL
melbourne,4,6,55,3000,800,40,0.0,0,NULL,NULL,NULL,NULL
melbourne,4,6,55,3500,800,40,0.0,0,NULL,NULL,NULL,NULL
melbourne,4,7,55,100,800,40,0.01375,11,NULL,NULL,NULL,NULL
melbourne,4,7,55,200,800,40,0.01125,9,NULL,NULL,NULL,NULL
melbourne,4,7,55,400,800,40,0.04625,37,NULL,NULL,NULL,NULL
melbourne,4,7,55,600,800,40,0.475,380,NULL,NULL,NULL,NULL
melbourne,4,7,55,800,800,40,0.94375,755,NULL,NULL,NULL,NULL
melbourne,4,7,55,1100,800,40,0.84,672,NULL,NULL,NULL,NULL
melbourne,4,7,55,1300,800,40,0.65625,525,NULL,NULL,NULL,NULL
melbourne,4,7,55,1500,800,40,0.4125,330,NULL,NULL,NULL,NULL
melbourne,4,7,55,2000,800,40,0.0275,22,NULL,NULL,NULL,NULL
melbourne,4,7,55,2500,800,40,0.0,0,NULL,NULL,NULL,NULL
melbourne,4,7,55,3000,800,40,0.0,0,NULL,NULL,NULL,NULL
melbourne,4,7,55,3500,800,40,0.0,0,NULL,NULL,NULL,NULL
melbourne,4,8,55,100,800,40,0.01375,11,NULL,NULL,NULL,NULL
melbourne,4,8,55,200,800,40,0.0125,10,NULL,NULL,NULL,NULL
melbourne,4,8,55,400,800,40,0.07125,57,NULL,NULL,NULL,NULL
melbourne,4,8,55,600,800,40,0.50375,403,NULL,NULL,NULL,NULL
melbourne,4,8,55,800,800,40,0.945,756,NULL,NULL,NULL,NULL
melbourne,4,8,55,1100,800,40,0.83125,665,NULL,NULL,NULL,NULL
melbourne,4,8,55,1300,800,40,0.58,464,NULL,NULL,NULL,NULL
melbourne,4,8,55,1500,800,40,0.395,316,NULL,NULL,NULL,NULL
melbourne,4,8,55,2000,800,40,0.02375,19,NULL,NULL,NULL,NULL
melbourne,4,8,55,2500,800,40,0.0,0,NULL,NULL,NULL,NULL
melbourne,4,8,55,3000,800,40,0.0,0,NULL,NULL,NULL,NULL
melbourne,4,8,55,3500,800,40,0.0,0,NULL,NULL,NULL,NULL
melbourne,1,1,55,100,800,40,0.00375,3,NULL,NULL,NULL,NULL
melbourne,1,1,55,200,800,40,0.0075,6,NULL,NULL,NULL,NULL
melbourne,1,1,55,400,800,40,0.13,104,NULL,NULL,NULL,NULL
melbourne,1,1,55,600,800,40,0.45625,365,NULL,NULL,NULL,NULL
melbourne,1,1,55,800,800,40,0.5125,410,NULL,NULL,NULL,NULL
melbourne,1,1,55,1100,800,40,0.24,192,NULL,NULL,NULL,NULL
melbourne,1,1,55,1300,800,40,0.11625,93,NULL,NULL,NULL,NULL
melbourne,1,1,55,1500,800,40,0.02375,19,NULL,NULL,NULL,NULL
melbourne,1,1,55,2000,800,40,0.0,0,NULL,NULL,NULL,NULL
melbourne,1,1,55,2500,800,40,0.0,0,NULL,NULL,NULL,NULL
melbourne,1,1,55,3000,800,40,0.0,0,NULL,NULL,NULL,NULL
melbourne,1,1,55,3500,800,40,0.0,0,NULL,NULL,NULL,NULL
melbourne,2,1,55,100,800,40,0.00625,5,NULL,NULL,NULL,NULL
melbourne,2,1,55,200,800,40,0.00375,3,NULL,NULL,NULL,NULL
melbourne,2,1,55,400,800,40,0.105,84,NULL,NULL,NULL,NULL
melbourne,2,1,55,600,800,40,0.52625,421,NULL,NULL,NULL,NULL
melbourne,2,1,55,800,800,40,0.7675,614,NULL,NULL,NULL,NULL
melbourne,2,1,55,1100,800,40,0.5425,434,NULL,NULL,NULL,NULL
melbourne,2,1,55,1300,800,40,0.35375,283,NULL,NULL,NULL,NULL
melbourne,2,1,55,1500,800,40,0.1525,122,NULL,NULL,NULL,NULL
melbourne,2,1,55,2000,800,40,0.0,0,NULL,NULL,NULL,NULL
melbourne,2,1,55,2500,800,40,0.0,0,NULL,NULL,NULL,NULL
melbourne,2,1,55,3000,800,40,0.0,0,NULL,NULL,NULL,NULL
melbourne,2,1,55,3500,800,40,0.0,0,NULL,NULL,NULL,NULL
melbourne,3,1,55,100,800,40,0.01,8,NULL,NULL,NULL,NULL
melbourne,3,1,55,200,800,40,0.005,4,NULL,NULL,NULL,NULL
melbourne,3,1,55,400,800,40,0.0575,46,NULL,NULL,NULL,NULL
melbourne,3,1,55,600,800,40,0.53375,427,NULL,NULL,NULL,NULL
melbourne,3,1,55,800,800,40,0.8925,714,NULL,NULL,NULL,NULL
melbourne,3,1,55,1100,800,40,0.705,564,NULL,NULL,NULL,NULL
melbourne,3,1,55,1300,800,40,0.51625,413,NULL,NULL,NULL,NULL
melbourne,3,1,55,1500,800,40,0.3275,262,NULL,NULL,NULL,NULL
melbourne,3,1,55,2000,800,40,0.00375,3,NULL,NULL,NULL,NULL
melbourne,3,1,55,2500,800,40,0.0,0,NULL,NULL,NULL,NULL
melbourne,3,1,55,3000,800,40,0.0,0,NULL,NULL,NULL,NULL
melbourne,3,1,55,3500,800,40,0.0,0,NULL,NULL,NULL,NULL
melbourne,4,1,55,100,800,40,0.005,4,NULL,NULL,NULL,NULL
melbourne,4,1,55,200,800,40,0.01125,9,NULL,NULL,NULL,NULL
melbourne,4,1,55,400,800,40,0.045,36,NULL,NULL,NULL,NULL
melbourne,4,1,55,600,800,40,0.45875,367,NULL,NULL,NULL,NULL
melbourne,4,1,55,800,800,40,0.91875,735,NULL,NULL,NULL,NULL
melbourne,4,1,55,1100,800,40,0.77625,621,NULL,NULL,NULL,NULL
melbourne,4,1,55,1300,800,40,0.62625,501,NULL,NULL,NULL,NULL
melbourne,4,1,55,1500,800,40,0.41375,331,NULL,NULL,NULL,NULL
melbourne,4,1,55,2000,800,40,0.0275,22,NULL,NULL,NULL,NULL
melbourne,4,1,55,2500,800,40,0.0,0,NULL,NULL,NULL,NULL
melbourne,4,1,55,3000,800,40,0.0,0,NULL,NULL,NULL,NULL
melbourne,4,1,55,3500,800,40,0.0,0,NULL,NULL,NULL,NULL
melbourne,5,1,55,100,800,40,0.01125,9,NULL,NULL,NULL,NULL
melbourne,5,1,55,200,800,40,0.02375,19,NULL,NULL,NULL,NULL
melbourne,5,1,55,400,800,40,0.02875,23,NULL,NULL,NULL,NULL
melbourne,5,1,55,600,800,40,0.36375,291,NULL,NULL,NULL,NULL
melbourne,5,1,55,800,800,40,0.9175,734,NULL,NULL,NULL,NULL
melbourne,5,1,55,1100,800,40,0.8375,670,NULL,NULL,NULL,NULL
melbourne,5,1,55,1300,800,40,0.6975,558,NULL,NULL,NULL,NULL
melbourne,5,1,55,1500,800,40,0.44875,359,NULL,NULL,NULL,NULL
melbourne,5,1,55,2000,800,40,0.025,20,NULL,NULL,NULL,NULL
melbourne,5,1,55,2500,800,40,0.0,0,NULL,NULL,NULL,NULL
melbourne,5,1,55,3000,800,40,0.0,0,NULL,NULL,NULL,NULL
melbourne,5,1,55,3500,800,40,0.0,0,NULL,NULL,NULL,NULL
melbourne,6,1,55,100,800,40,0.02,16,NULL,NULL,NULL,NULL
melbourne,6,1,55,200,800,40,0.01,8,NULL,NULL,NULL,NULL
melbourne,6,1,55,400,800,40,0.0225,18,NULL,NULL,NULL,NULL
melbourne,6,1,55,600,800,40,0.3225,258,NULL,NULL,NULL,NULL
melbourne,6,1,55,800,800,40,0.935,748,NULL,NULL,NULL,NULL
melbourne,6,1,55,1100,800,40,0.85375,683,NULL,NULL,NULL,NULL
melbourne,6,1,55,1300,800,40,0.69875,559,NULL,NULL,NULL,NULL
melbourne,6,1,55,1500,800,40,0.4375,350,NULL,NULL,NULL,NULL
melbourne,6,1,55,2000,800,40,0.025,20,NULL,NULL,NULL,NULL
melbourne,6,1,55,2500,800,40,0.0,0,NULL,NULL,NULL,NULL
melbourne,6,1,55,3000,800,40,0.0,0,NULL,NULL,NULL,NULL
melbourne,6,1,55,3500,800,40,0.0,0,NULL,NULL,NULL,NULL
melbourne,7,1,55,100,800,40,0.01125,9,NULL,NULL,NULL,NULL
melbourne,7,1,55,200,800,40,0.01,8,NULL,NULL,NULL,NULL
melbourne,7,1,55,400,800,40,0.0175,14,NULL,NULL,NULL,NULL
melbourne,7,1,55,600,800,40,0.25,200,NULL,NULL,NULL,NULL
melbourne,7,1,55,800,800,40,0.9075,726,NULL,NULL,NULL,NULL
melbourne,7,1,55,1100,800,40,0.88625,709,NULL,NULL,NULL,NULL
melbourne,7,1,55,1300,800,40,0.72125,577,NULL,NULL,NULL,NULL
melbourne,7,1,55,1500,800,40,0.48375,387,NULL,NULL,NULL,NULL
melbourne,7,1,55,2000,800,40,0.03875,31,NULL,NULL,NULL,NULL
melbourne,7,1,55,2500,800,40,0.0,0,NULL,NULL,NULL,NULL
melbourne,7,1,55,3000,800,40,0.0,0,NULL,NULL,NULL,NULL
melbourne,7,1,55,3500,800,40,0.0,0,NULL,NULL,NULL,NULL
melbourne,8,1,55,100,800,40,0.01125,9,NULL,NULL,NULL,NULL
melbourne,8,1,55,200,800,40,0.01875,15,NULL,NULL,NULL,NULL
melbourne,8,1,55,400,800,40,0.01375,11,NULL,NULL,NULL,NULL
melbourne,8,1,55,600,800,40,0.22875,183,NULL,NULL,NULL,NULL
melbourne,8,1,55,800,800,40,0.895,716,NULL,NULL,NULL,NULL
melbourne,8,1,55,1100,800,40,0.8525,682,NULL,NULL,NULL,NULL
melbourne,8,1,55,1300,800,40,0.7125,570,NULL,NULL,NULL,NULL
melbourne,8,1,55,1500,800,40,0.49375,395,NULL,NULL,NULL,NULL
melbourne,8,1,55,2000,800,40,0.04375,35,NULL,NULL,NULL,NULL
melbourne,8,1,55,2500,800,40,0.0,0,NULL,NULL,NULL,NULL
melbourne,8,1,55,3000,800,40,0.0,0,NULL,NULL,NULL,NULL
melbourne,8,1,55,3500,800,40,0.0,0,NULL,NULL,NULL,NULL
london,4,1,25,100,800,40,0.01,8,NULL,NULL,NULL,NULL
london,4,1,25,200,800,40,0.0175,14,NULL,NULL,NULL,NULL
london,4,1,25,400,800,40,0.025,20,NULL,NULL,NULL,NULL
london,4,1,25,600,800,40,0.0675,54,NULL,NULL,NULL,NULL
london,4,1,25,800,800,40,0.225,180,NULL,NULL,NULL,NULL
london,4,1,25,1100,800,40,0.6675,534,NULL,NULL,NULL,NULL
london,4,1,25,1300,800,40,0.83875,671,NULL,NULL,NULL,NULL
london,4,1,25,1500,800,40,0.8025,642,NULL,NULL,NULL,NULL
london,4,1,25,2000,800,40,0.5325,426,NULL,NULL,NULL,NULL
london,4,1,25,2500,800,40,0.36125,289,NULL,NULL,NULL,NULL
london,4,1,25,3000,800,40,0.20125,161,NULL,NULL,NULL,NULL
london,4,1,25,3500,800,40,0.115,92,NULL,NULL,NULL,NULL
london,4,1,35,100,800,40,0.0125,10,NULL,NULL,NULL,NULL
london,4,1,35,200,800,40,0.00875,7,NULL,NULL,NULL,NULL
london,4,1,35,400,800,40,0.0275,22,NULL,NULL,NULL,NULL
london,4,1,35,600,800,40,0.0425,34,NULL,NULL,NULL,NULL
london,4,1,35,800,800,40,0.14875,119,NULL,NULL,NULL,NULL
london,4,1,35,1100,800,40,0.57125,457,NULL,NULL,NULL,NULL
london,4,1,35,1300,800,40,0.785,628,NULL,NULL,NULL,NULL
london,4,1,35,1500,800,40,0.82375,659,NULL,NULL,NULL,NULL
london,4,1,35,2000,800,40,0.525,420,NULL,NULL,NULL,NULL
london,4,1,35,2500,800,40,0.34875,279,NULL,NULL,NULL,NULL
london,4,1,35,3000,800,40,0.2375,190,NULL,NULL,NULL,NULL
london,4,1,35,3500,800,40,0.105,84,NULL,NULL,NULL,NULL
london,4,1,45,100,800,40,0.00625,5,NULL,NULL,NULL,NULL
london,4,1,45,200,800,40,0.0125,10,NULL,NULL,NULL,NULL
london,4,1,45,400,800,40,0.02625,21,NULL,NULL,NULL,NULL
london,4,1,45,600,800,40,0.0375,30,NULL,NULL,NULL,NULL
london,4,1,45,800,800,40,0.0975,78,NULL,NULL,NULL,NULL
london,4,1,45,1100,800,40,0.52375,419,NULL,NULL,NULL,NULL
london,4,1,45,1300,800,40,0.78375,627,NULL,NULL,NULL,NULL
london,4,1,45,1500,800,40,0.79375,635,NULL,NULL,NULL,NULL
london,4,1,45,2000,800,40,0.55625,445,NULL,NULL,NULL,NULL
london,4,1,45,2500,800,40,0.42625,341,NULL,NULL,NULL,NULL
london,4,1,45,3000,800,40,0.2525,202,NULL,NULL,NULL,NULL
london,4,1,45,3500,800,40,0.11,88,NULL,NULL,NULL,NULL
london,4,1,55,100,800,40,0.0125,10,NULL,NULL,NULL,NULL
london,4,1,55,200,800,40,0.01375,11,NULL,NULL,NULL,NULL
london,4,1,55,400,800,40,0.02375,19,NULL,NULL,NULL,NULL
london,4,1,55,600,800,40,0.04,32,NULL,NULL,NULL,NULL
london,4,1,55,800,800,40,0.03625,29,NULL,NULL,NULL,NULL
london,4,1,55,1100,800,40,0.1625,130,NULL,NULL,NULL,NULL
london,4,1,55,1300,800,40,0.395,316,NULL,NULL,NULL,NULL
london,4,1,55,1500,800,40,0.65375,523,NULL,NULL,NULL,NULL
london,4,1,55,2000,800,40,0.85375,683,NULL,NULL,NULL,NULL
london,4,1,55,2500,800,40,0.8975,718,NULL,NULL,NULL,NULL
london,4,1,55,3000,800,40,0.91625,733,NULL,NULL,NULL,NULL
london,4,1,55,3500,800,40,0.89,712,NULL,NULL,NULL,NULL
london,4,1,65,100,800,40,0.0075,6,NULL,NULL,NULL,NULL
london,4,1,65,200,800,40,0.01125,9,NULL,NULL,NULL,NULL
london,4,1,65,400,800,40,0.02875,23,NULL,NULL,NULL,NULL
london,4,1,65,600,800,40,0.03875,31,NULL,NULL,NULL,NULL
london,4,1,65,800,800,40,0.0425,34,NULL,NULL,NULL,NULL
london,4,1,65,1100,800,40,0.1375,110,NULL,NULL,NULL,NULL
london,4,1,65,1300,800,40,0.31375,251,NULL,NULL,NULL,NULL
london,4,1,65,1500,800,40,0.61,488,NULL,NULL,NULL,NULL
london,4,1,65,2000,800,40,0.8475,678,NULL,NULL,NULL,NULL
london,4,1,65,2500,800,40,0.875,700,NULL,NULL,NULL,NULL
london,4,1,65,3000,800,40,0.87625,701,NULL,NULL,NULL,NULL
london,4,1,65,3500,800,40,0.89625,717,NULL,NULL,NULL,NULL
london,4,1,75,100,800,40,0.0025,2,NULL,NULL,NULL,NULL
london,4,1,75,200,800,40,0.0075,6,NULL,NULL,NULL,NULL
london,4,1,75,400,800,40,0.025,20,NULL,NULL,NULL,NULL
london,4,1,75,600,800,40,0.02625,21,NULL,NULL,NULL,NULL
london,4,1,75,800,800,40,0.045,36,NULL,NULL,NULL,NULL
london,4,1,75,1100,800,40,0.1125,90,NULL,NULL,NULL,NULL
london,4,1,75,1300,800,40,0.355,284,NULL,NULL,NULL,NULL
london,4,1,75,1500,800,40,0.5875,470,NULL,NULL,NULL,NULL
london,4,1,75,2000,800,40,0.82375,659,NULL,NULL,NULL,NULL
london,4,1,75,2500,800,40,0.87875,703,NULL,NULL,NULL,NULL
london,4,1,75,3000,800,40,0.90875,727,NULL,NULL,NULL,NULL
london,4,1,75,3500,800,40,0.87625,701,NULL,NULL,NULL,NULL
london,4,1,85,100,800,40,0.00625,5,NULL,NULL,NULL,NULL
london,4,1,85,200,800,40,0.01125,9,NULL,NULL,NULL,NULL
london,4,1,85,400,800,40,0.0225,18,NULL,NULL,NULL,NULL
london,4,1,85,600,800,40,0.04125,33,NULL,NULL,NULL,NULL
london,4,1,85,800,800,40,0.0525,42,NULL,NULL,NULL,NULL
london,4,1,85,1100,800,40,0.0725,58,NULL,NULL,NULL,NULL
london,4,1,85,1300,800,40,0.21625,173,NULL,NULL,NULL,NULL
london,4,1,85,1500,800,40,0.46625,373,NULL,NULL,NULL,NULL
london,4,1,85,2000,800,40,0.815,652,NULL,NULL,NULL,NULL
london,4,1,85,2500,800,40,0.855,684,NULL,NULL,NULL,NULL
london,4,1,85,3000,800,40,0.88375,707,NULL,NULL,NULL,NULL
london,4,1,85,3500,800,40,0.88625,709,NULL,NULL,NULL,NULL
london,4,1,95,100,800,40,0.0125,10,NULL,NULL,NULL,NULL
london,4,1,95,200,800,40,0.0125,10,NULL,NULL,NULL,NULL
london,4,1,95,400,800,40,0.0275,22,NULL,NULL,NULL,NULL
london,4,1,95,600,800,40,0.02625,21,NULL,NULL,NULL,NULL
london,4,1,95,800,800,40,0.0275,22,NULL,NULL,NULL,NULL
london,4,1,95,1100,800,40,0.11625,93,NULL,NULL,NULL,NULL
london,4,1,95,1300,800,40,0.28625,229,NULL,NULL,NULL,NULL
london,4,1,95,1500,800,40,0.58875,471,NULL,NULL,NULL,NULL
london,4,1,95,2000,800,40,0.79875,639,NULL,NULL,NULL,NULL
london,4,1,95,2500,800,40,0.8725,698,NULL,NULL,NULL,NULL
london,4,1,95,3000,800,40,0.895,716,NULL,NULL,NULL,NULL
london,4,1,95,3500,800,40,0.89,712,NULL,NULL,NULL,NULL
madrid,4,1,25,100,800,40,0.00375,3,NULL,NULL,NULL,NULL
madrid,4,1,25,200,800,40,0.01125,9,NULL,NULL,NULL,NULL
madrid,4,1,25,400,800,40,0.10375,83,NULL,NULL,NULL,NULL
madrid,4,1,25,600,800,40,0.17875,143,NULL,NULL,NULL,NULL
madrid,4,1,25,800,800,40,0.22625,181,NULL,NULL,NULL,NULL
madrid,4,1,25,1100,800,40,0.32375,259,NULL,NULL,NULL,NULL
madrid,4,1,25,1300,800,40,0.4225,338,NULL,NULL,NULL,NULL
madrid,4,1,25,1500,800,40,0.545,436,NULL,NULL,NULL,NULL
madrid,4,1,25,2000,800,40,0.7925,634,NULL,NULL,NULL,NULL
madrid,4,1,25,2500,800,40,0.90875,727,NULL,NULL,NULL,NULL
madrid,4,1,25,3000,800,40,0.90625,725,NULL,NULL,NULL,NULL
madrid,4,1,25,3500,800,40,0.88125,705,NULL,NULL,NULL,NULL
madrid,4,1,35,100,800,40,0.00875,7,NULL,NULL,NULL,NULL
madrid,4,1,35,200,800,40,0.00375,3,NULL,NULL,NULL,NULL
madrid,4,1,35,400,800,40,0.0225,18,NULL,NULL,NULL,NULL
madrid,4,1,35,600,800,40,0.055,44,NULL,NULL,NULL,NULL
madrid,4,1,35,800,800,40,0.085,68,NULL,NULL,NULL,NULL
madrid,4,1,35,1100,800,40,0.16125,129,NULL,NULL,NULL,NULL
madrid,4,1,35,1300,800,40,0.21375,171,NULL,NULL,NULL,NULL
madrid,4,1,35,1500,800,40,0.33,264,NULL,NULL,NULL,NULL
madrid,4,1,35,2000,800,40,0.58125,465,NULL,NULL,NULL,NULL
madrid,4,1,35,2500,800,40,0.6925,554,NULL,NULL,NULL,NULL
madrid,4,1,35,3000,800,40,0.79,632,NULL,NULL,NULL,NULL
madrid,4,1,35,3500,800,40,0.8075,646,NULL,NULL,NULL,NULL
madrid,4,1,45,100,800,40,0.00625,5,NULL,NULL,NULL,NULL
madrid,4,1,45,200,800,40,0.01125,9,NULL,NULL,NULL,NULL
madrid,4,1,45,400,800,40,0.03,24,NULL,NULL,NULL,NULL
madrid,4,1,45,600,800,40,0.06125,49,NULL,NULL,NULL,NULL
madrid,4,1,45,800,800,40,0.08125,65,NULL,NULL,NULL,NULL
madrid,4,1,45,1100,800,40,0.1525,122,NULL,NULL,NULL,NULL
madrid,4,1,45,1300,800,40,0.2025,162,NULL,NULL,NULL,NULL
madrid,4,1,45,1500,800,40,0.28625,229,NULL,NULL,NULL,NULL
madrid,4,1,45,2000,800,40,0.53875,431,NULL,NULL,NULL,NULL
